Date,Open,High,Low,Close,Volume
2015-09-07,20,20,20,20,10000
2015-09-09,20,20,20,20,100
2015-09-10,19.15,19.15,19.1,19.1,500
2015-09-11,19.05,20.85,18.8,20.55,2339
2015-09-14,22.6,22.6,19,20,713
2015-09-15,20.5,20.5,20.5,20.5,10
2015-09-16,21,21,21,21,1
2015-09-21,19.25,20.85,19,20.3,501
2015-09-22,19.8,19.85,19.8,19.85,295
2015-09-23,19.5,19.5,19.5,19.5,550
2015-09-24,19.3,19.3,19.3,19.3,60
2015-09-28,21,21,19.5,19.5,22
2015-09-29,20.85,20.85,19,19.6,641
2015-10-01,20.9,21.45,20.9,21.45,20
2015-10-05,20.9,20.9,20.9,20.9,100
2015-10-06,19.9,20.7,19.9,20.7,3100
2015-10-07,20.5,20.5,20.1,20.1,3250
2015-10-08,19.7,20,19.7,20,500
2015-10-09,20,20,19.9,19.9,1500
2015-10-12,19.85,19.85,19.85,19.85,100
2015-10-13,20.8,20.8,20.8,20.8,1100
2015-10-14,20.5,21.8,20.5,21.8,100
2015-10-15,20.8,20.8,20.8,20.8,50
2015-10-16,20.8,21.8,20.8,21.05,914
2015-10-19,22,22,22,22,500
2015-10-20,21.15,21.15,21.15,21.15,50
2015-10-21,20.75,22.2,20.7,22.2,2100
2015-10-27,21.2,22.95,21.2,22.95,200
2015-10-28,22.4,22.5,22.05,22.05,80
2015-10-29,21.55,21.55,21.55,21.55,50
2015-10-30,20.55,22.5,20.5,20.7,5450
2015-11-02,20.5,20.9,19.7,20.75,1106
2015-11-03,20.1,21.45,20.1,21.45,107
2015-11-04,20.4,21.4,20.4,21.4,69
2015-11-06,20.35,21.35,20.35,21.35,1207
2015-11-09,20.3,20.5,20.3,20.5,800
2015-11-10,20,20,20,20,51
2015-11-13,19.55,20.9,19.55,20.9,115
2015-11-17,19.9,21,19.9,19.9,338
2015-11-18,19.9,20.65,19.5,20.65,150
2015-11-20,20.65,21,20.65,21,506
2015-11-23,20.6,21.9,20.5,21.9,1002
2015-11-24,21,21,20.9,20.9,50
2015-11-26,20.25,21.2,20.25,21.2,100
2015-11-27,20.8,21.4,20.4,20.4,450
2015-11-30,20.1,21.25,20.1,20.75,71
2015-12-01,20.3,21.45,20.3,20.9,700
2015-12-02,21,21.6,20.5,21.6,886
2015-12-03,21,22.6,20.55,20.75,1939
2015-12-08,20.7,20.7,20.55,20.55,500
2015-12-09,20.05,21.55,20.05,21.55,1165
2015-12-10,22.6,22.6,22.6,22.6,734
2015-12-11,22.05,23.7,22.05,23.7,1134
2015-12-16,26.75,26.75,26.75,26.75,250
2015-12-17,27,28,25.45,27.8,1212
2015-12-18,26.45,27,26.45,27,560
2015-12-21,27.45,27.45,25.65,25.65,820
2015-12-22,24.4,24.4,24.4,24.4,200
2015-12-23,23.3,24,23.3,23.55,200
2015-12-28,23.55,24.7,23.55,24.05,290
2015-12-29,25.25,25.25,23.65,23.65,101
2015-12-30,24.5,24.8,24.5,24.8,250
2015-12-31,26,26,24.5,24.5,287
2016-01-01,24.1,25.5,24.1,25.5,180
2016-01-04,24.7,25.25,24.7,25,292
2016-01-05,23.8,25,23.8,24.2,524
2016-01-06,24,24.6,24,24.25,611
2016-01-07,23.25,24,23.05,23.25,3650
2016-01-08,22.5,23,22.5,23,86
2016-01-11,22.5,23,22.5,23,500
2016-01-12,24.15,24.15,23.25,23.25,3612
2016-01-13,23.05,23.95,22.1,23.95,353
2016-01-15,22.8,23,22.8,23,165
2016-01-20,23.5,23.5,23.45,23.45,156
2016-01-25,22.3,24.45,22.3,24.45,14
2016-01-27,23.25,23.25,23.25,23.25,20
2016-02-01,22.1,22.1,22.1,22.1,460
2016-02-02,21.5,21.5,21,21.5,441
2016-02-03,20.5,21,20.5,21,300
2016-02-04,21.8,21.8,21.8,21.8,10
2016-02-05,19.65,21.75,19.65,21.75,467
2016-02-09,20.1,20.1,20.1,20.1,500
2016-02-11,19,21,19,21,402
2016-02-19,19.55,19.55,19.55,19.55,100
2016-02-22,19.55,19.55,18,18.2,500
2016-02-23,18.95,18.95,18.95,18.95,10
2016-02-24,17.1,18.5,17.1,17.55,405
2016-02-25,18.85,19,17.75,18.2,2301
2016-02-26,17,18.95,17,18.45,91
2016-02-29,19.3,19.3,19.3,19.3,15
2016-03-01,19.3,19.3,17.7,17.8,112
2016-03-02,17,17.6,17,17.6,4
2016-03-03,17.75,17.75,17.75,17.75,5
2016-03-08,18.6,18.6,18.6,18.6,50
2016-03-09,18.95,18.95,18.95,18.95,100
2016-03-14,18.3,18.3,18.3,18.3,105
2016-03-15,17.75,18.75,17.75,18.5,475
2016-03-21,19.4,19.4,17.65,17.65,386
2016-03-22,18.5,18.5,18.5,18.5,81
2016-03-23,19.25,19.25,18,18.8,5350
2016-03-28,19.15,19.15,18,18.15,654
2016-03-29,17.6,18.4,17.6,18.4,213
2016-03-30,17.75,17.8,17.75,17.8,140
2016-03-31,18.65,18.65,18.65,18.65,50
2016-04-05,19.5,19.5,19.5,19.5,15
2016-04-06,18.55,18.55,18.55,18.55,150
2016-04-07,19.45,19.45,19.45,19.45,500
2016-04-11,20.4,20.4,18.5,18.5,272
2016-04-12,19.4,19.4,18.05,19.4,52
2016-04-13,20.35,20.35,18.65,19.7,352
2016-04-18,20.45,20.45,19,20.35,52
2016-04-20,20.8,20.8,20.8,20.8,1
2016-04-21,21.7,21.7,21,21,150
2016-04-22,20.9,20.9,19.95,19.95,550
2016-04-25,20.85,20.85,19.1,19.2,425
2016-04-26,19.2,20.15,19.2,20.15,122
2016-04-27,19.15,19.15,19.15,19.15,50
2016-04-28,19,19,19,19,50
2016-04-29,19.75,19.75,18.05,18.05,50
2016-05-02,18,18.25,17.15,17.2,450
2016-05-03,18,18.05,18,18.05,509
2016-05-04,17.25,18.95,17.25,18.85,2099
2016-05-05,19.35,19.35,18.25,18.25,101
2016-05-06,19.15,19.15,17.5,18.3,545
2016-05-09,19.2,19.2,19.2,19.2,25
2016-05-13,18.75,18.75,18.75,18.75,55
2016-05-16,18,18,18,18,125
2016-05-17,17.45,17.65,17.45,17.65,59
2016-05-18,18.5,18.5,18.5,18.5,500
2016-05-20,19.35,19.35,19.35,19.35,10
2016-05-24,19.8,19.8,18.4,18.4,900
2016-05-27,18.5,19,17.6,19,71
2016-05-30,18.5,18.5,18.5,18.5,500
2016-05-31,17.7,18.5,17.7,18.25,200
2016-06-01,19,19,18.35,18.35,1005
2016-06-02,17.6,17.6,17.6,17.6,50
2016-06-09,18,18.05,18,18.05,20
2016-06-14,18.05,18.95,17.8,18.55,830
2016-06-15,18.3,19.45,18.3,19.05,1966
2016-06-16,19.25,19.5,19.25,19.5,550
2016-06-17,19,20,18.55,20,1633
2016-06-21,20.45,20.45,20.2,20.2,2
2016-06-22,19.5,19.6,19.5,19.6,500
2016-06-23,19.4,19.4,19.4,19.4,50
2016-06-27,20.35,20.35,19.6,19.6,225
2016-06-28,20.55,20.55,19.15,19.15,77
2016-06-29,20,20,20,20,20
2016-06-30,20.95,21,19.55,20.95,2217
2016-07-01,20.3,20.3,20,20.1,250
2016-07-05,19.3,19.35,19.3,19.35,100
2016-07-07,19.5,19.5,19.5,19.5,50
2016-07-08,19.55,20.45,18.8,18.8,6
2016-07-11,18.5,19,18.5,19,223
2016-07-12,19.05,19.95,19,19.95,1062
2016-07-13,20,20,20,20,100
2016-07-14,21,21,19.5,20,5075
2016-07-15,21,21,21,21,50
2016-07-18,21,21,20.1,20.1,99
2016-07-21,19.6,19.6,19.2,19.2,1134
2016-07-22,20.15,20.15,20.15,20.15,250
2016-07-25,20.9,20.9,19.65,19.7,717
2016-07-26,19.7,19.7,19.7,19.7,5
2016-07-27,19.45,20.65,19.4,19.4,471
2016-07-29,19.25,20.35,18.75,20.3,855
2016-08-02,19.4,19.5,19.4,19.5,170
2016-08-04,19.05,19.15,19.05,19.1,120
2016-08-08,19,20,19,19.3,150
2016-08-09,20.25,20.25,20.25,20.25,1001
2016-08-10,19.5,21,19.35,20,1015
2016-08-11,19.25,19.25,19.25,19.25,300
2016-08-12,19.3,19.3,19.3,19.3,199
2016-08-17,20,20,20,20,500
2016-08-23,19.5,21,19.5,20.15,862
2016-08-24,21,21.15,21,21.15,570
2016-08-25,20.25,22.15,20.25,22.15,1282
2016-08-30,23.2,23.2,21.05,21.05,4641
2016-08-31,20.25,20.25,20,20,100
2016-09-01,19.6,19.6,19.5,19.5,50
2016-09-02,19.2,20.45,19.1,20.45,3379
2016-09-06,20,20,20,20,50
2016-09-07,20.9,21,20.85,20.95,1442
2016-09-08,21.5,21.8,21.5,21.8,110
2016-09-09,22.65,22.65,20.75,20.75,350
2016-09-14,21.7,21.7,20.75,21.25,423
2016-09-16,22.3,22.3,22.3,22.3,1900
2016-09-19,21.2,23.35,21.2,23.35,521
2016-09-20,24,24.5,23.05,24.05,2091
2016-09-21,25.25,25.25,23.5,24.7,2210
2016-09-22,23.75,25.7,23.5,24.75,1895
2016-09-23,25,25,23.55,24.1,3201
2016-09-26,23,24.5,22.95,24.05,1049
2016-09-27,23.5,23.5,23.05,23.4,100
2016-09-28,24.5,24.5,24.45,24.5,150
2016-09-29,25.4,25.4,23.3,23.5,353
2016-09-30,22.4,22.4,22.4,22.4,442
2016-10-03,21.65,21.65,21.65,21.65,100
2016-10-04,22.7,22.7,21.25,22,1650
2016-10-05,23,23.1,22,23.1,500
2016-10-06,24.2,24.2,22.5,23,330
2016-10-10,24,24.15,24,24.15,346
2016-10-13,23,23,23,23,100
2016-10-14,22.15,22.15,22.15,22.15,150
2016-10-17,21.65,23.25,21.65,23.25,200
2016-10-18,23.5,24.4,23.5,24.4,210
2016-10-19,23.6,25.45,23.6,24.05,561
2016-10-20,25.25,25.25,25,25,12
2016-10-21,25,26.2,25,25.75,1681
2016-10-24,27,27,25.05,25.7,218
2016-10-25,25.7,25.7,24.75,24.75,51
2016-10-26,23.55,24,23.55,24,100
2016-10-27,25,25,25,25,500
2016-10-28,25,25,24.3,24.3,24
2016-10-30,24.1,24.1,24.1,24.1,5
2016-11-01,24.1,25.3,24.1,25.3,2090
2016-11-02,25.3,25.45,24.3,25.45,273
2016-11-03,24.25,25.7,24.2,24.2,1822
2016-11-04,25,25,24,24.2,1039
2016-11-07,23.1,23.3,23,23.3,400
2016-11-10,22.3,24.45,22.3,23.1,1044
2016-11-16,21.95,21.95,21.95,21.95,581
2016-11-18,21,22.95,21,22.9,110
2016-11-22,22.8,22.9,22.7,22.9,1540
2016-11-25,22.9,23.5,21.8,23.15,2397
2016-11-28,22,23.95,22,23.65,749
2016-11-29,24.5,24.5,23,23,641
2016-11-30,22.5,23.5,22.5,23.5,53
2016-12-01,23.5,24.65,23.5,24.6,1075
2016-12-07,24.6,24.6,23.4,23.4,830
2016-12-09,22.75,24.1,22.25,24.1,2559
2016-12-12,23.15,23.15,23.15,23.15,99
2016-12-13,23.05,23.05,23.05,23.05,301
2016-12-14,24.1,24.1,24.1,24.1,100
2016-12-15,25.3,25.3,22.9,23.3,175
2016-12-16,22.3,22.3,22.3,22.3,500
2016-12-19,23.4,23.4,23.4,23.4,1500
2016-12-20,24.1,24.1,22.3,24.05,454
2016-12-21,24,24,23,23,213
2016-12-23,21.85,23,21.85,22,622
2016-12-26,21.15,23.1,21.15,23.1,148
2016-12-27,22,23.6,22,23.6,119
2016-12-28,23.5,24.45,22.9,23.05,816
2016-12-29,23.9,23.9,23.7,23.8,460
2016-12-30,23.8,23.8,22.65,23.4,683
2017-01-02,22.5,22.5,22.5,22.5,475
2017-01-03,23.5,23.5,23.25,23.25,25
2017-01-05,23.5,23.5,22.25,22.4,25
2017-01-09,22.5,22.5,21.5,21.5,780
2017-01-12,22.55,22.55,22,22,50
2017-01-13,23.1,23.1,23.1,23.1,307
2017-01-16,23.1,24.1,22.8,24.1,260
2017-01-17,24.9,24.9,24.9,24.9,40
2017-01-18,24.9,24.9,23.7,24.55,161
2017-01-20,24.45,24.5,24.25,24.35,300
2017-01-23,24,24,23.8,23.8,240
2017-01-24,23.2,23.2,23.2,23.2,25
2017-01-25,22.35,23.45,22.35,23.45,100
2017-01-27,22.55,22.55,22.5,22.5,500
2017-01-30,23.6,23.6,22.6,22.6,763
2017-01-31,22.5,22.5,22.5,22.5,200
2017-02-02,23.45,23.45,23.45,23.45,5
2017-02-06,22.5,23.45,22.5,22.6,645
2017-02-07,22,23.7,22,23.7,57
2017-02-08,24.35,24.85,24.35,24.85,4133
2017-02-09,26.05,26.05,26.05,26.05,996
2017-02-10,27.35,27.35,27.35,27.35,626
2017-02-13,28.65,28.7,27.6,28.7,8543
2017-02-14,29,30.1,29,30.1,3224
2017-02-15,31.6,31.6,31.6,31.6,5804
2017-02-16,33.15,33.15,33.15,33.15,3986
2017-02-17,34.8,34.8,34.65,34.8,5680
2017-02-20,36.5,36.5,33.15,36.5,4376
2017-02-21,38,38.3,38,38.3,11059
2017-02-22,40.2,40.2,39,40.2,5356
2017-02-23,42.2,42.2,38.45,42.2,49468
2017-02-27,43.8,43.8,40.5,41.6,6534
2017-02-28,42.9,42.9,39.55,39.55,8125
2017-03-01,39.4,39.5,37.6,37.6,6798
2017-03-02,35.75,37.3,35.75,35.75,9334
2017-03-03,35.75,37.5,35,37.5,5751
2017-03-06,39.35,39.35,39.35,39.35,3005
2017-05-30,32,32.95,30.5,31,9462
2017-05-31,32,32.3,29.7,30.2,4421
2017-06-01,31.55,31.55,28.8,31.25,1255
2017-06-02,31.3,31.3,31.3,31.3,20
2017-06-05,32.85,32.85,30.2,32.7,406
2017-06-06,31.55,32.9,31.55,32.9,115
2017-06-07,32.9,33,32.45,32.45,1591
2017-06-08,30.5,33.95,29.65,33.8,4085
2017-06-09,30.85,36,30.85,33.35,2071
2017-06-12,30.5,34.5,30.5,33.6,325
2017-06-13,33,33,31.55,32.85,513
2017-06-14,32.95,35.5,30.1,34.8,427
2017-06-15,31.55,34.3,31.5,31.7,1717
2017-06-16,30.4,32.95,30.35,32.95,31
2017-06-19,32.7,32.75,31.3,31.8,784
2017-06-20,31.75,33.5,30.55,32.95,1335
2017-06-21,30.55,32.8,30.55,32.2,103
2017-06-22,34.6,34.6,30.2,31.5,965
2017-06-23,32.9,32.9,29.65,31,1461
2017-06-27,33.9,33.9,28.7,30.5,764
2017-06-28,30.5,32.9,29.05,32.4,456
2017-06-29,32.35,32.35,29.9,32.2,10
2017-06-30,32.15,35.4,29.05,30.55,3890
2017-07-03,30.55,33.15,30,32.9,1372
2017-07-04,33,33.85,30.8,33.45,440
2017-07-05,34.95,34.95,31.2,31.4,3371
2017-07-06,29,32,29,32,2351
2017-07-07,34.9,34.9,29,31.45,5351
2017-07-10,33.5,33.5,33.4,33.4,550
2017-07-11,33.5,33.5,31.2,32.75,370
2017-07-12,30.35,32.7,29.6,31.1,3219
2017-07-13,32.6,34.2,30.35,33.95,78253
2017-07-14,36,36.65,32,34.8,6674
2017-07-17,33,35.5,32.55,34.85,4986
2017-07-18,34,37.3,34,36,1829
2017-07-19,37.25,37.3,35,35.85,3694
2017-07-20,36,38.7,34.2,35.25,1976
2017-07-21,35.25,38,32.15,34.1,2439
2017-07-24,36.9,36.9,34.15,34.5,2053
2017-07-25,34.5,35.25,32.95,34.65,1302
2017-07-26,35.9,35.9,33,34.6,2092
2017-07-27,34.9,35,32.35,34.95,1245
2017-07-28,36,36,31.8,32.1,3339
2017-07-31,30.2,32.95,30.2,32.3,785
2017-08-01,32.7,34.7,31.25,33.1,1675
2017-08-02,32,34.4,31.35,33.7,255
2017-08-03,34.75,34.75,32,33.5,324
2017-08-04,33.5,33.5,30.7,31.4,1950
2017-08-07,34.7,35.95,28.1,33,5869
2017-08-08,34.95,37.9,32.85,36.2,21223
2017-08-09,37.5,38.3,33.6,35.45,33669
2017-08-10,35.5,37.95,34.3,35.3,11023
2017-08-11,38,38,33.15,35.9,2842
2017-08-14,39,39,34.25,35.8,2675
2017-08-16,35,35.85,34,34.85,1649
2017-08-17,34.85,35.15,32.6,33.05,909
2017-08-18,32.2,38.8,32.05,35.4,6290
2017-08-21,36.4,36.4,33,34.25,2078
2017-08-22,34.25,35.5,34.2,34.2,1448
2017-08-23,35.4,35.5,34.15,34.2,5934
2017-08-24,34.5,35.3,34.05,35.1,274
2017-08-28,35,36,35,35.1,536
2017-08-29,35.7,35.7,34,35,1608
2017-08-30,34,35.45,34,35.1,1639
2017-08-31,35.1,35.45,34.3,34.5,3170
2017-09-01,35.5,36.5,34.55,34.7,760
2017-09-04,34.7,36,34.7,35.95,604
2017-09-05,36.85,37.1,34.7,36.1,2125
2017-09-06,38.7,41.65,37.4,37.9,9026
2017-09-07,37.6,41,36,38.35,7494
2017-09-08,39,42,38,41.25,3560
2017-09-11,42,42,39.6,39.6,1820
2017-09-12,37.3,47.5,36.5,47.5,16556
2017-09-13,57,57,53.5,57,65357
2017-09-14,62,62.7,61,62.7,12001
2017-09-15,66.9,67.8,59,64.85,96036
2017-09-18,64.9,64.9,58.6,62.1,22908
2017-09-19,64,64.9,60.1,62.6,11477
2017-09-20,64.9,64.9,60.2,60.9,8299
2017-09-21,63,63,55.1,59.35,7922
2017-09-22,60,60,55.2,55.85,2488
2017-09-25,51.7,56.95,50.3,52.25,6161
2017-09-26,47.65,51.95,47.65,51.35,7154
2017-09-27,51,51.5,47.4,49.15,5684
2017-09-28,46.3,53.9,46.3,51.1,4432
2017-09-29,50.15,52.5,50,50.95,1635
2017-10-03,51.1,56,51,56,7390
2017-10-04,57.4,61.5,55.15,56.4,13550
2017-10-05,56.4,56.4,52.15,54.35,3677
2017-10-06,55.75,57,53.5,55.1,2151
2017-10-09,55.6,66.1,55.6,66.1,60108
2017-10-10,71.7,79.3,70,79.3,253292
2017-10-11,84.2,87,71.4,75.8,110938
2017-10-12,76,81.9,68.75,77.9,37140
2017-10-13,79,81,76.05,76.6,15911
2017-10-16,81,81,73.6,73.85,12359
2017-10-17,76,76,67.15,68.5,12307
2017-10-18,70,70,64.55,65.85,16094
2017-10-19,65.85,69.75,65,68.15,2665
2017-10-23,68.15,70,63.3,63.9,5435
2017-10-24,64,65.75,58.65,62.85,6825
2017-10-25,61.15,69.1,61.15,69.1,21495
2017-10-26,72.95,75.7,68.5,73.75,28250
2017-10-27,70,76.45,68.3,71.5,7475
2017-10-30,71,72,68,71.3,4784
2017-10-31,73,73,68.2,69.45,6758
2017-11-01,69.55,71.9,68,68.8,8967
2017-11-02,68.8,69.7,67.5,69.15,4436
2017-11-03,67,71,66.15,70.45,7421
2017-11-06,72.2,72.2,66.7,68.15,7076
2017-11-07,70.1,71.8,67.5,68,12280
2017-11-08,67,69.7,67,67.65,3857
2017-11-09,66.2,68,65,67.5,875
2017-11-10,66,68.85,64.35,66.1,4739
2017-11-13,65,71,62,66.95,9000
2017-11-14,66,68,63.25,63.9,8132
2017-11-15,63,66.5,60,61.05,5294
2017-11-16,61,61,55.85,57.4,13728
2017-11-17,57.4,59.85,55,56.35,10247
2017-11-20,58.8,61.95,56,61.95,9818
2017-11-21,66,68.1,65.1,68.1,18376
2017-11-22,70.85,74.8,66.55,71,24303
2017-11-23,71.55,71.95,67,68.55,10355
2017-11-24,69.45,69.45,66.5,67.15,2126
2017-11-27,65.9,69.35,65.9,67.5,3335
2017-11-28,67.6,69,65.05,66,8353
2017-11-29,67.95,72.6,66,71.4,67657
2017-11-30,70.9,70.9,67.2,69,13195
2017-12-01,66,71,66,67.15,7973
2017-12-04,67.45,73.85,66.3,72,36893
2017-12-05,72.9,79.2,72.9,79.2,77802
2017-12-06,81.95,87.1,81,87.1,69188
2017-12-07,91.45,91.45,90,91.45,19109
2017-12-08,96,96,86.9,86.9,70590
2017-12-11,82.6,82.6,82.6,82.6,2312
2017-12-12,80.5,86.7,78.5,86.7,82504
2017-12-13,88.4,91,82.4,82.4,17245
2017-12-14,82.05,82.05,78.3,78.3,2864
2017-12-15,82.2,82.2,78,79.95,5837
2017-12-18,80.5,83.9,77.05,82.6,16997
2017-12-19,86,86,80.25,81.8,4084
2017-12-20,84.95,84.95,77.75,77.75,17689
2017-12-21,77.2,81.5,74.4,79.65,16733
2017-12-22,79.95,80.95,77.55,79.65,6638
2017-12-26,79.7,79.95,76.35,77.85,4851
2017-12-27,79.9,79.9,74,74,25808
2017-12-28,74,76,70.4,70.7,17312
2017-12-29,70.7,74.2,70.1,72.8,26659
2018-01-01,74.95,74.95,70.3,72.25,10745
2018-01-02,73.05,74.95,70,70.8,8040
2018-01-03,71.05,74.3,69.6,74.05,10053
2018-01-04,77.7,77.75,77.7,77.75,4511
2018-01-05,81.6,81.6,81.6,81.6,5336
2018-01-08,85.65,85.65,85.65,85.65,7972
2018-01-09,89.9,89.9,89.9,89.9,5513
2018-01-10,94.35,94.35,94.35,94.35,81069
2018-01-11,97.7,97.7,89.65,89.65,6505
2018-01-12,85.2,85.2,85.2,85.2,3516
2018-01-15,81.25,85,80.95,80.95,35844
2018-01-16,81,81,76.95,76.95,14106
2018-01-17,80,80,73.15,73.15,29510
2018-01-18,75.8,76.8,70.9,74.55,35604
2018-01-19,73,73,70.85,70.85,24818
2018-01-22,73.8,73.8,68.5,69.55,8037
2018-01-23,68,73,68,71.25,13377
2018-01-24,71,72.65,67.85,69.25,9209
2018-01-25,68.1,70.85,66,66.95,10618
2018-01-29,66.5,69.4,65.95,68,5322
2018-01-30,69.55,69.55,64.6,65.5,11615
2018-01-31,65,66.9,62.25,62.25,9472
2018-02-01,61,65,59.3,63.3,9352
2018-02-02,62.95,62.95,60.15,60.15,12460
2018-02-05,57.15,59.6,57.15,57.35,4040
2018-02-06,54.5,56.65,54.5,54.75,5927
2018-02-07,57.4,57.45,55.65,57.45,3565
2018-02-08,60,60.3,57,60.3,3827
2018-02-09,62.95,63.3,58.9,63.3,2545
2018-02-12,65.9,66.45,63.6,66.45,3324
2018-02-14,69,69.5,63.15,63.2,21505
2018-02-15,65,65,60.05,60.05,5950
2018-02-16,60.05,60.05,57.4,58.9,4771
2018-02-19,58.9,59.5,56.45,57,2814
2018-02-20,55.05,58.8,55.05,56.2,4770
2018-02-21,58.75,58.75,54.25,56.65,3509
2018-02-22,56.85,56.85,55.05,56.45,993
2018-02-23,56.45,59.25,54.45,58.75,4031
2018-02-26,60.85,60.85,55.9,56.5,3325
2018-02-27,58.45,59.3,53.7,53.75,6883
2018-02-28,53.55,55.85,52.2,55.4,4736
2018-03-01,57.7,57.7,52.7,54.35,2921
2018-03-05,56.4,56.4,52.7,53.35,1781
2018-03-06,55.9,55.9,51,51.9,2537
2018-03-07,49.65,49.95,49.35,49.35,1774
2018-03-08,48,50.45,46.9,46.9,4003
2018-03-09,47.5,47.5,44.6,44.6,2138
2018-03-12,44.6,44.6,42.7,43.65,1908
2018-03-13,43,45.8,43,45.8,1888
2018-03-14,47.95,48,46.1,47.5,1492
2018-03-15,49.3,49.3,48.15,48.7,707
2018-03-16,48.55,49.85,46.75,48.5,1546
2018-03-19,46.55,47.9,46.1,46.1,1481
2018-03-20,46.85,48,43.85,44.4,1239
2018-03-21,43.55,46.6,43.5,45.5,1324
2018-03-22,45.5,45.5,43.25,44.4,4364
2018-03-23,43.9,43.9,42.2,42.2,1145
2018-03-26,42.2,42.2,40.1,41.25,3969
2018-03-27,42,42,40,40.85,657
2018-03-28,41,41,38.85,40.5,1862
2018-04-02,40.5,42.5,40.5,42.5,501
2018-04-03,41.3,44.6,40.55,44.6,985
2018-04-04,46.8,46.8,46.75,46.8,1086
2018-04-05,49.1,49.1,48.95,49.1,971
2018-04-06,49.3,54,49.3,54,3344
2018-04-09,58.6,59.15,55,58.7,10959
2018-04-10,60,64.55,59.5,64.55,13977
2018-04-11,66.9,67.75,61.35,61.35,15463
2018-04-12,61.35,61.35,58.3,58.3,2481
2018-04-13,58,58,55.4,55.4,5373
2018-04-16,53.5,55.9,52.65,52.65,2779
2018-04-17,52,53.95,50.4,53.25,1377
2018-04-18,54.5,55,51.25,54.85,3408
2018-04-19,54.85,54.85,52.15,52.15,2242
2018-04-20,51.15,52.95,49.75,50.25,1466
2018-04-23,52.7,52.75,50.05,50.75,1403
2018-04-24,50.75,53.1,50.75,51.25,3192
2018-04-25,51.3,53,49.1,49.4,1420
2018-04-26,48.75,51.15,48.7,51.1,121
2018-04-27,51.1,51.1,49,49.7,1291
2018-04-30,49.05,49.05,47.5,48.35,2297
2018-05-02,46.55,47.75,46,46.55,925
2018-05-03,46.05,46.05,44.5,44.5,560
2018-05-04,42.75,46.7,42.75,46.25,4351
2018-05-07,46.25,48.55,44.1,47.35,2429
2018-05-08,45.75,47.1,45.2,45.45,2108
2018-05-09,44.25,44.7,43.2,44,2426
2018-05-10,45.45,46.2,41.8,44.95,1392
2018-05-11,45.35,45.35,43.5,43.5,277
2018-05-14,45,45,41.75,41.8,1232
2018-05-15,40.2,41.85,40.15,41.05,511
2018-05-16,39,42.4,39,40.95,1311
2018-05-17,39.1,42,39.1,39.6,802
2018-05-18,41.45,41.5,38.5,39.3,6651
2018-05-21,40.45,40.45,37.55,37.7,1082
2018-05-22,37.5,39.45,37.2,38,801
2018-05-23,37,38,36.35,36.7,1031
2018-05-24,35.4,38,35,35.15,1872
2018-05-25,35.05,35.95,33.4,33.65,5182
2018-05-28,34.9,35,33.35,35,1302
2018-05-29,34.4,35.5,34,34.3,597
2018-05-30,35.35,35.35,34,34.9,45
2018-05-31,34.9,36.25,34.5,35.4,708
2018-06-01,34.05,34.35,33.65,33.65,1304
2018-06-04,32.3,34.55,32,32,1094
2018-06-05,30.6,30.85,30.4,30.4,2823
2018-06-06,31.45,31.45,28.9,29.25,4413
2018-06-07,30.35,30.7,30,30.65,1712
2018-06-08,31.95,32.15,30.9,32.15,430
2018-06-11,32.4,33.75,32.4,33.75,1440
2018-06-12,35.4,35.4,32.55,33.6,1771
2018-06-13,34.95,35.25,34.95,35.25,1271
2018-06-14,36.45,36.5,33.7,35,3552
2018-06-15,36.6,36.7,33.45,36.1,815
2018-06-18,37.85,37.85,34.65,36.25,891
2018-06-19,36.9,37.8,35.85,37.6,1237
2018-06-20,37.6,39.4,37.6,39.2,1673
2018-06-21,39.15,39.15,37.25,37.35,3164
2018-06-22,37.3,38.3,36,38.05,303
2018-06-25,36.5,39.2,36.5,37.1,779
2018-06-26,35.3,37,35.25,35.25,2378
2018-06-27,33.6,33.65,33.5,33.5,2987
2018-06-28,31.85,33.5,31.85,31.85,3963
2018-06-29,30.75,32.2,30.3,30.5,4644
2018-07-02,31,31.95,29.2,31.45,394
2018-07-03,31.85,32.3,31.85,32.3,44
2018-07-04,32.95,32.95,31,31,325
2018-07-05,29.65,31.9,29.5,31.2,1572
2018-07-06,29.7,31.4,29.7,29.8,135
2018-07-09,31.2,31.25,29.05,30.25,600
2018-07-10,31.7,31.75,29.75,30.65,1524
2018-07-11,29.35,32,29.35,31.1,298
2018-07-12,32.25,32.65,31,31,922
2018-07-13,32.4,32.5,30.1,30.1,641
2018-07-16,30.15,31.55,30.15,30.2,563
2018-07-17,31.5,31.5,29,30.8,224
2018-07-18,29.75,31.65,29.65,30,229
2018-07-19,29.5,29.9,28.5,28.9,2809
2018-07-20,27.75,29.95,27.5,28.35,920
2018-07-23,27.5,28.65,27.1,27.5,2329
2018-07-24,28.3,28.85,26.15,26.75,12401
2018-07-25,26.85,28.05,26.75,28.05,7709
2018-07-26,27.85,29.15,27.1,27.7,1364
2018-07-27,28.6,28.85,26.8,27.4,5048
2018-07-30,28.4,28.75,28.25,28.65,2537
2018-07-31,28.05,30,28,29.95,2207
2018-08-01,31.35,31.35,30.4,31,1714
2018-08-02,30,32.55,30,32.5,4968
2018-08-03,33,34.1,33,34.1,1470
2018-08-06,34.65,35.8,34.65,35.2,5109
2018-08-07,36.7,36.75,34.6,36.7,2493
2018-08-08,38.45,38.45,36,38,3819
2018-08-09,36.2,37.95,36.2,36.45,921
2018-08-10,36,36.35,35.7,35.75,722
2018-08-13,35.75,36.5,34,34.25,1162
2018-08-14,33.45,35.2,33.45,35.2,240
2018-08-16,34,36.25,33.45,33.55,1203
2018-08-20,33.25,35.2,33.25,34.05,151
2018-08-21,32.35,35.75,32.35,35.75,2446
2018-08-23,36,37.5,36,36.65,424
2018-08-24,34.85,36.6,34.85,35.05,305
2018-08-27,35.05,36.5,33.3,35.95,1651
2018-08-28,34.4,36.65,34.25,36.5,3081
2018-08-29,36.7,38.25,34.95,36.65,642
2018-08-30,35.45,37.9,35.45,36.3,1100
2018-08-31,37,37.7,35.05,37.7,451
2018-09-03,39.1,39.55,36.05,37.95,1560
2018-09-04,38.95,38.95,37,37,362
2018-09-05,35.85,37.95,35.85,35.85,946
2018-09-06,36.8,37.5,34.8,35,88
2018-09-07,35.35,36.7,35.35,36.7,213
2018-09-10,38.35,38.4,35.05,35.35,641
2018-09-11,35.05,35.05,35.05,35.05,100
2018-09-12,35,36,35,36,200
2018-09-14,36,37.7,34.5,37.7,301
2018-09-18,38.6,38.6,38.6,38.6,100
2018-09-19,38.15,38.15,38,38,218
2018-09-21,38,38,37.7,37.7,550
2018-09-24,35.9,36.25,35.9,36.25,400
2018-09-25,34.5,34.6,34.45,34.6,600
2018-09-26,32.9,36,32.9,36,620
2018-09-27,37.65,37.65,35.05,36.85,562
2018-09-28,35.05,35.05,35.05,35.05,60
2018-10-01,35.95,36.7,33.3,36.7,2180
2018-10-03,35,35.95,34.9,35.95,941
2018-10-04,34.25,35.2,34.2,34.2,415
2018-10-05,35.5,35.5,32.5,34.8,270
2018-10-09,34.45,34.5,33.15,33.9,467
2018-10-11,33.1,33.1,33.1,33.1,151
2018-10-12,34.65,34.65,31.55,31.8,561
2018-10-15,33.25,33.25,30.8,30.8,1468
2018-10-17,30.2,31.5,30.2,31.5,452
2018-10-19,32.85,32.85,30,30.75,2130
2018-10-22,30.75,30.75,29.25,29.95,494
2018-10-23,31.4,31.4,28.5,28.5,1125
2018-10-24,27.2,29.45,27.1,27.25,1289
2018-10-25,27.2,28.45,27.05,27.3,620
2018-10-26,28.6,28.6,27.1,28.55,300
2018-10-29,28,28.95,27.4,28.2,2640
2018-10-30,28.75,28.85,28.75,28.8,289
2018-10-31,28.9,28.9,27.55,27.55,263
2018-11-01,28.55,28.75,26.25,27.15,1491
2018-11-02,26.45,28.35,26.45,26.8,282
2018-11-05,28,28.1,28,28.1,1302
2018-11-06,29.45,29.45,28.5,29,221
2018-11-07,30.45,30.45,30.45,30.45,150
2018-11-09,30.9,30.9,29,30.8,840
2018-11-12,29.55,30.8,29.55,30.8,10
2018-11-13,30.75,30.75,29.35,30.7,542
2018-11-14,30.65,30.65,29.25,30.65,420
2018-11-15,30.9,30.95,30.9,30.95,76
2018-11-16,30.95,31,30.5,30.5,561
2018-11-19,29.15,31.45,29.15,31.05,270
2018-11-20,29.65,30.7,29.6,29.6,1296
2018-11-21,30.9,31.05,29.5,30.9,1449
2018-11-22,29.75,29.8,29.75,29.75,500
2018-11-26,28.5,30.95,28.5,28.8,733
2018-11-27,28.15,30.2,28.05,30.2,1800
2018-11-28,30.95,31.7,29.75,31.7,2719
2018-11-29,30.55,31.85,30.55,31.8,200
2018-11-30,30.75,30.75,30.35,30.75,330
2018-12-03,29.4,31.95,29.4,29.7,500
2018-12-04,30.95,31.15,30,31.15,3074
2018-12-05,31.9,31.9,30,30,611
2018-12-06,29.65,31.45,29.55,31.15,1590
2018-12-07,31.9,31.9,31.9,31.9,1
2018-12-10,29,30.15,29,30.15,57
2018-12-11,30.15,31.8,30,30,355
2018-12-12,28.9,33,28.9,31.9,2058
2018-12-13,30.3,33,30.3,32,351
2018-12-14,31.9,32.7,30.15,32.45,412
2018-12-17,29.55,35.6,29.55,34.05,4880
2018-12-18,32,36.6,32,34.9,4874
2018-12-19,35.3,35.3,31.6,32.8,2601
2018-12-20,31.6,33.9,31.6,33.65,2200
2018-12-21,31.95,34.65,31.95,32.4,2018
2018-12-24,33.85,33.85,31.3,33.5,1651
2018-12-26,31.05,33.9,30.6,30.85,1002
2018-12-27,31.05,32.95,31.05,31.05,170
2018-12-28,31.1,32.4,31.1,32.05,501
2018-12-31,32,33.75,30.75,33,20
2019-01-01,33.95,33.95,33,33,100
2019-01-02,31.75,33.85,31.1,33.25,750
2019-01-03,31.65,34,31.65,31.8,1364
2019-01-04,31.5,31.5,31.5,31.5,25
2019-01-07,34,34,34,34,10
2019-01-08,31.35,33.6,31.3,32.15,1431
2019-01-09,30.6,33.2,30.6,33.15,20
2019-01-10,31.8,31.8,31.2,31.2,2
2019-01-11,31.5,33.55,31.5,32,150
2019-01-14,34.8,34.8,32.05,32.2,1168
2019-01-15,30.65,34.4,30.65,31.4,298
2019-01-16,31,33.75,31,33.6,312
2019-01-17,33.6,34,31.25,32.9,3836
2019-01-18,32,33.45,31.05,31.25,2252
2019-01-22,32.8,32.8,28.7,28.7,60
2019-01-23,28.9,29.5,28.9,29.35,1235
2019-01-24,29.6,29.6,29.55,29.55,300
2019-01-25,29.55,31.5,27.55,29.9,3678
2019-01-28,27.55,30.25,27.55,30,1032
2019-01-29,27.2,31.9,27.2,28.55,973
2019-01-30,28.45,28.45,28.45,28.45,11
2019-01-31,30.2,31.25,28.55,30.9,691
2019-02-01,33,33,29,32.1,490
2019-02-04,31,32,28.9,28.9,1800
2019-02-05,30.15,30.15,26.65,28.25,1006
2019-02-06,29.7,30.5,29.5,29.8,3066
2019-02-07,29,29,28.05,28.05,2
2019-02-08,26.25,32.25,26.25,27.1,3800
2019-02-11,28.95,30.4,27.2,28.9,217
2019-02-12,26.85,28.9,26.8,27.35,576
2019-02-13,29.25,29.25,29.25,29.25,4
2019-02-14,26.8,28.95,26.8,28.95,400
2019-02-15,26.9,30.8,26.5,26.75,1243
2019-02-18,27,31.85,26.1,26.5,972
2019-02-19,28.35,29.7,26.05,27.1,540
2019-02-20,27.1,29.45,24,29,1232
2019-02-21,29.9,29.9,29.9,29.9,30
2019-02-22,26.3,30.95,26.3,29.85,836
2019-02-25,27.8,30.9,27.8,30.8,1163
2019-02-26,28.6,30.95,26.05,29.9,402
2019-02-27,28.05,28.15,28,28.1,660
2019-02-28,28.15,30.9,28.15,30.85,74
2019-03-05,27.05,32.3,26.3,31.4,4042
2019-03-06,31.4,32.15,28.8,30.5,5533
2019-03-07,28.9,30.85,28.2,30,2133
2019-03-08,30.4,31.95,30.3,31.45,1528
2019-03-11,30.75,30.8,30.75,30.75,10
2019-03-12,29.95,31.8,29.95,31.75,1062
2019-03-13,33,33,30.55,32.6,1348
2019-03-14,33,33,29,32.95,209
2019-03-15,30.35,33.4,30.35,30.4,1215
2019-03-18,31.85,31.85,30.6,30.6,405
2019-03-19,30,36.6,28.7,36,11781
2019-03-20,37.9,43.2,37.9,40.7,203431
2019-03-22,40.8,42.8,39,40.8,29212
2019-03-25,38.45,39.9,36.1,37.85,9278
2019-03-26,35.6,40.15,35.25,37.85,12981
2019-03-27,38.05,42.4,31.35,33.5,36946
2019-03-28,34.5,34.95,30.5,33.85,3617
2019-03-29,34.45,34.45,31.55,32.6,7723
2019-04-01,32.9,33,31.5,32.5,4337
2019-04-02,31.15,32.5,31.15,31.55,1789
2019-04-03,31.5,32.9,31,32.9,417
2019-04-04,31.5,32.85,31.4,31.45,1242
2019-04-05,32.8,32.85,30.75,32.1,3036
2019-04-08,31.1,32.45,31.1,31.2,1068
2019-04-09,30.65,31.9,30.65,31.9,52
2019-04-10,32.45,32.45,30.95,31.05,1040
2019-04-11,31,31.75,31,31.7,30
2019-04-12,32.3,32.3,30.65,30.8,254
2019-04-15,32.25,32.25,31.3,31.4,1363
2019-04-16,30.8,32.55,30.8,32.25,2504
2019-04-22,30.65,30.9,30.65,30.7,231
2019-04-23,30.8,30.8,29.65,30.2,1335
2019-04-24,29.8,31.5,29.8,30.05,549
2019-04-25,29.75,30.05,29.75,30.05,463
2019-04-26,29.8,30,29.8,30,760
2019-04-30,31.5,31.5,31.5,31.5,1
2019-05-02,33.05,33.05,33.05,33.05,763
2019-05-03,34,34.7,34,34.7,3241
2019-05-06,36.4,36.4,34.85,36.4,1749
2019-05-07,35.55,38.05,35.55,38,3048
2019-05-08,39.4,39.4,36.3,36.35,368
2019-05-09,34.55,36.2,34.55,34.55,552
2019-05-10,33.05,35.95,32.9,35.05,1918
2019-05-13,33.55,33.55,33.3,33.3,887
2019-05-14,31.65,34.9,31.65,31.8,271
2019-05-15,32.1,32.7,30.4,32.7,970
2019-05-16,31.9,34,31.6,34,1482
2019-05-17,34.6,34.6,34.6,34.6,1
2019-05-20,36.15,36.15,32.9,35.55,1298
2019-05-21,34,34,33.8,34,3025
2019-05-22,35.55,35.55,35.55,35.55,1000
2019-05-23,35.15,35.2,35.15,35.2,60
2019-05-24,34.05,36.95,34.05,36.85,1081
2019-05-27,36.9,38.1,36.9,38.1,782
2019-05-28,36.2,40,36.2,36.35,1315
2019-05-30,34.6,35.05,34.6,35.05,1054
2019-06-04,34.45,34.6,34.45,34.5,238
2019-06-06,35.5,36.2,35.5,36.2,150
2019-06-07,35.15,35.15,35.15,35.15,50
2019-06-10,33.5,33.7,33.5,33.7,100
2019-06-11,32.15,32.25,32.15,32.25,16
2019-06-13,32.3,33.85,32.3,33.85,905
2019-06-14,32.35,32.4,32.35,32.4,63
2019-06-17,31.7,32.4,31.7,32.4,224
2019-06-18,31.25,31.65,31.25,31.65,786
2019-06-19,31.15,31.15,31.15,31.15,2
2019-06-20,30.5,32.7,29.7,32.7,340
2019-06-21,34,34,34,34,296
2019-06-24,32.35,33,32.35,32.35,75
2019-06-25,32.7,33.95,32.7,33.9,1000
2019-06-26,33.15,35.55,33.15,34,1654
2019-06-27,32.9,35.7,32.9,35.7,1833
2019-06-28,35.5,37,35.5,35.55,1318
2019-07-01,36,36,36,36,100
2019-07-02,37.8,37.8,34.35,37.35,1465
2019-07-03,38.5,38.5,35.5,36.1,1591
2019-07-04,34.65,36.75,34.65,36.75,3
2019-07-05,35,35,35,35,100
2019-07-08,35.8,36.6,33.55,35.8,2437
2019-07-09,36.5,36.9,34.7,36,1604
2019-07-10,35.8,36,35.5,36,1047
2019-07-11,34.55,36.75,34.55,34.7,370
2019-07-12,36.2,36.2,34.85,35.95,895
2019-07-16,37.7,37.7,34.45,37.2,382
2019-07-17,38.7,38.7,35.35,35.35,254
2019-07-18,36.9,36.9,33.8,33.85,478
2019-07-19,33.8,34.4,32.45,34.4,203
2019-07-23,35.95,35.95,33.2,33.7,252
2019-07-24,32.1,34.95,32.05,32.2,2581
2019-07-25,31.15,33.8,30.6,33.3,5142
2019-07-26,34.95,34.95,32,34.45,167
2019-07-29,32.75,34.95,32.75,34.45,126
2019-07-30,36.05,36.05,33.05,35.4,579
2019-07-31,33.65,37.1,33.65,34.8,4509
2019-08-01,35.35,35.35,35.35,35.35,1
2019-08-02,33.75,33.75,33.75,33.75,165
2019-08-05,34.8,34.95,34.8,34.95,641
2019-08-06,35.25,35.25,33.5,33.6,240
2019-08-09,32.1,35.15,32.05,32.6,520
2019-08-13,31.15,35.85,31.15,35.85,3155
2019-08-14,32.6,35.3,32.4,34.45,2180
2019-08-16,34.7,34.7,34.7,34.7,2
2019-08-19,36.25,36.25,32,32,225
2019-08-20,29.85,33.9,29.05,33.2,1910
2019-08-21,30.3,32.5,30.3,32.5,785
2019-08-22,34.45,34.45,29.55,29.55,402
2019-08-23,31.95,31.95,31.95,31.95,200
2019-08-26,32.9,32.9,30,30.65,90
2019-08-27,33.65,33.65,28.45,31.75,1316
2019-08-28,34.55,34.55,29.1,29.9,149
2019-08-29,29,30.5,28.8,28.8,39
2019-08-30,28.8,31.45,26.45,31.1,958
2019-09-03,31.1,31.1,28.05,31.1,4
2019-09-04,31.05,34,29,30.1,230
2019-09-05,28,31.95,27.15,28.95,73
2019-09-06,30,30,30,30,294
2019-09-09,27.3,32.3,27.3,28.5,3054
2019-09-11,29.55,31.3,27.7,29.85,3935
2019-09-12,31.5,32.35,28,30,2233
2019-09-13,32.45,32.45,28.65,31.1,2115
2019-09-16,33.45,34.2,29.55,33.25,2919
2019-09-17,30.3,36.4,30.3,31.4,889
2019-09-18,30.25,34.2,30.25,33.95,1230
2019-09-19,32,36,30.85,33.75,3613
2019-09-20,33.7,36.35,31.9,32.55,1005
2019-09-23,35.7,35.7,30.6,31.85,348
2019-09-24,34.65,35,30.05,32.85,3421
2019-09-25,33.2,36.1,33.2,34.6,1999
2019-09-26,37.85,37.95,34,36.85,1308
2019-09-27,37.05,39.95,34.1,37.8,1360
2019-09-30,40.95,40.95,35,35.25,1013
2019-10-01,38.7,38.7,33.05,35.95,1872
2019-10-03,33.6,34.5,33.35,33.55,1157
2019-10-04,35,35.55,31.15,31.3,1609
2019-10-07,31,31,31,31,20
2019-10-09,30.15,31.5,30.15,31.5,240
2019-10-10,31.5,31.5,30,30,226
2019-10-11,24.8,30.15,24.8,30.15,394
2019-10-14,35.1,35.1,30.1,30.5,311
2019-10-15,25.7,34.2,25.7,30.5,666
2019-10-16,31,33.7,30.5,33.65,156
2019-10-17,31,33.8,31,32.5,17
2019-10-18,32,36,32,35.4,1701
2019-10-22,35.75,37,31.3,35.15,379
2019-10-23,33,35.45,31.1,31.75,110
2019-10-24,35.25,35.25,35.25,35.25,1
2019-10-25,34,34.9,31.2,34.8,128
2019-10-29,34.5,38.75,32,35.9,952
2019-10-30,38,38,31.95,33.5,2873
2019-10-31,32.5,36.2,32.5,35.5,1259
2019-11-01,34.95,36,32.25,32.55,1287
2019-11-04,35.45,35.45,32.6,32.6,151
2019-11-05,34.95,34.95,31.3,32.6,389
2019-11-06,35.4,35.4,31,35,581
2019-11-07,39.9,39.9,28.5,32.85,1110
2019-11-08,39.4,39.4,32.9,36.4,3189
2019-11-11,39.3,39.3,32.95,35,2322
2019-11-13,33.15,34.95,31.2,31.3,1024
2019-11-14,35.9,35.9,28.35,29.95,2530
2019-11-15,32.8,32.8,30,31.8,6788
2019-11-18,31.75,31.8,29.05,31.6,650
2019-11-19,31.1,34.9,29,33.45,1647
2019-11-20,31.35,34.85,28.95,32.55,5181
2019-11-21,29.35,32.55,29.3,32.15,719
2019-11-22,30.15,31.7,29.5,31.15,1385
2019-11-25,30.2,31.1,29.15,29.55,1547
2019-11-26,28.1,32.3,28.1,29,1513
2019-11-27,30,31.15,28.45,31.15,429
2019-11-28,29.05,31.4,29,29.1,256
2019-11-29,29.1,30.85,28.1,28.5,406
2019-12-02,30.9,33.8,28.15,31,987
2019-12-03,31.9,31.9,28.7,31.3,3935
2019-12-04,30.95,30.95,30.95,30.95,5
2019-12-05,29.05,31.6,29.05,29.7,3135
2019-12-06,29.5,31.2,28.05,28.55,485
2019-12-09,28.65,30,28.1,29.65,1447
2019-12-10,34.35,34.35,27.6,28.25,331
2019-12-11,30.2,30.2,26.05,28,3284
2019-12-12,28.9,29.5,28.1,28.1,2028
2019-12-13,29.9,33.7,28.5,33.15,24525
2019-12-16,33.45,33.45,30.35,30.45,4842
2019-12-17,29.25,32.8,28.5,31.65,23012
2019-12-18,30.05,31.5,29.7,30.85,2775
2019-12-19,29.25,31,29.25,31,731
2019-12-20,29.65,30.9,29.5,29.5,1437
2019-12-23,28,30.7,28,29,237
2019-12-24,29,30,29,29,92
2019-12-26,29,30.9,28.75,30.2,2400
2019-12-27,28.4,30,28.35,28.95,73
2019-12-30,29.95,29.95,29.95,29.95,2
2019-12-31,30.65,30.65,30.6,30.6,2
2020-01-01,28,31.8,28,31.55,1100
2020-01-02,29.5,31.4,29.5,30.1,140
2020-01-06,34.3,34.3,28.55,29.6,1561
2020-01-07,33.1,33.1,29.05,30.5,2170
2020-01-08,35.45,35.45,28.65,29.55,1150
2020-01-09,28.55,32.8,28.55,30.8,4653
2020-01-10,32.7,33.95,28,29.55,4799
2020-01-13,30,30,30,30,35
2020-01-14,30.8,31.5,29.1,30.35,2354
2020-01-15,30.95,30.95,30,30,185
2020-01-16,32.75,32.75,29.3,30,492
2020-01-17,30.95,31,29.2,30.45,2008
2020-01-20,31,31.75,30.05,30.3,756
2020-01-21,32.7,32.7,29.5,29.85,1866
2020-01-22,30,31,30,31,1473
2020-01-23,32.35,33.3,28.8,31.5,4704
2020-01-24,33.65,33.65,30.1,30.15,635
2020-01-27,30.2,31.1,29.85,30,744
2020-01-28,30,30.5,29.75,29.75,1025
2020-01-29,29.3,35.7,29.3,35.1,23008
2020-01-30,36.8,36.8,31,31.75,22714
2020-01-31,30.8,31.2,30,30.15,1484
2020-02-01,30.25,30.5,30,30.3,2682
2020-02-03,31.9,31.9,29.4,30.45,5590
2020-02-04,29.5,31,28.65,30.1,4349
2020-02-05,30.1,30.1,29.6,29.65,1577
2020-02-06,29.7,30.3,28.55,29.65,1883
2020-02-07,29.7,30.85,29.3,29.45,1791
2020-02-10,30.7,30.7,30.7,30.7,26
2020-02-11,31.4,31.45,30,30.1,1826
2020-02-12,30.1,30.1,30,30,168
2020-02-14,29.6,30.8,29.5,29.7,165
2020-02-17,28.65,28.65,28.65,28.65,418
2020-02-18,28.65,31.35,24.1,29,1020
2020-02-19,26.65,30.95,26.65,29.85,7154
2020-02-20,30.5,30.5,29.1,29.35,804
2020-02-24,27.1,27.75,27.1,27.75,70
2020-02-25,28.05,28.25,28.05,28.25,130
2020-02-26,27.05,27.4,27.05,27.4,153
2020-02-28,26.65,26.65,26.5,26.5,500
2020-03-02,30.35,30.35,27.55,28.9,955
2020-03-03,27.8,28.9,25.6,27.3,770
2020-03-04,28.5,28.5,27,28,911
2020-03-05,26.25,29.7,26.2,27.05,5007
2020-03-06,27.5,28.45,25.5,26.2,2337
2020-03-09,26.15,26.15,26.15,26.15,12
2020-03-11,25.4,26.3,25,25,1230
2020-03-13,20.65,24,20,22.45,2332
2020-03-16,24,24,18,19.45,6381
2020-03-17,19.25,19.55,16.55,18.25,1336
2020-03-18,18.1,18.2,16.6,17.5,210
2020-03-19,15.8,17.45,15.8,16.5,102
2020-03-20,16,16.5,15.8,16.5,1535
2020-03-23,14.85,17.95,14.85,17.45,1611
2020-03-24,17.45,17.45,17.45,17.45,2
2020-03-25,15.75,18.1,15.75,18.1,50
2020-03-26,17,19.6,16.3,16.3,7793
2020-03-30,16.3,16.3,14.7,14.7,1026
2020-03-31,16,16,14,14,122
2020-04-03,13.55,14.7,13.55,14.7,680
2020-04-07,14.85,15.4,14.7,15.4,2195
2020-04-08,15.4,15.4,14.9,14.9,200
2020-04-09,15.5,15.5,15.5,15.5,149
2020-04-15,16.25,16.25,14.75,15.2,6107
2020-04-16,14.8,15.95,14.8,15.95,1902
2020-04-17,16.7,16.7,15.4,16.7,511
2020-04-21,16.05,17.5,16.05,17.5,155
2020-04-22,18,18.35,18,18.35,306
2020-04-23,18.25,19.25,18.25,19.25,262
2020-04-24,19.75,19.75,18.3,18.3,1765
2020-04-27,18.3,18.3,17.45,18.3,137
2020-04-28,18.3,18.3,18.25,18.25,156
2020-04-29,18.25,18.55,17.35,17.35,1480
2020-04-30,16.6,18.2,16.6,18.2,3497
2020-05-04,17.35,18.8,17.35,18.8,160
2020-05-05,19.55,19.6,18.05,19.3,674
2020-05-06,18.55,19.25,18.55,19.25,100
2020-05-07,18.55,20.2,18.5,20,4906
2020-05-08,20,20,19.25,19.25,798
2020-05-11,18.55,19.8,18.55,19.8,128
2020-05-12,20.3,20.5,19.3,19.5,2129
2020-05-13,19,19,19,19,19
2020-05-14,18.45,18.5,18.45,18.5,8
2020-05-15,18.5,19.25,18.15,19.2,1326
2020-05-18,18.65,19.5,18.65,18.65,323
2020-05-22,18.05,19.55,18.05,19.55,15
2020-05-26,20.35,20.35,18.8,20,1175
2020-05-27,20,20,19.2,19.2,7
2020-05-28,18.8,19.95,18.8,18.8,565
2020-05-29,19.45,19.45,18.4,19.4,652
2020-06-01,20.2,20.35,18.7,19.7,2423
2020-06-02,19.95,20.55,19.35,20.4,770
2020-06-03,20.95,21,20.95,21,10
2020-06-04,21.4,21.45,20.2,21.15,893
2020-06-05,19.55,21.5,19.55,21.5,1915
2020-06-08,23.55,23.55,20.8,21.5,4353
2020-06-09,21.5,22.45,20.4,20.4,456
2020-06-10,22,22,19,19,17
2020-06-11,19.15,20.9,19.1,20.9,3050
2020-06-12,22.85,22.95,19.5,22.75,2931
2020-06-15,24.6,24.6,21.3,22.8,2683
2020-06-16,21,23.2,21,22.35,1854
2020-06-17,23.1,23.1,21.05,21.75,625
2020-06-18,21.65,22.9,21.5,22.9,453
2020-06-19,24.35,24.35,20.65,21.75,2722
2020-06-22,21.8,23.75,21.8,23.15,803
2020-06-23,22.7,23.05,22.7,23.05,405
2020-06-24,24.45,25.1,22.2,23.6,1483
2020-06-25,24.6,24.6,23.2,24.5,26
2020-06-26,23.35,26.45,23.2,24.8,8237
2020-06-29,24.7,24.75,23.25,23.6,304
2020-06-30,23,25.3,23,23.7,670
2020-07-01,24.1,24.9,23.4,23.55,5590
2020-07-02,22.65,24.8,22.65,23.6,1850
2020-07-03,23,24.45,23,23.05,1266
2020-07-06,23.05,23.8,22.9,22.9,561
2020-07-08,22.7,23.5,22.15,23.5,22
2020-07-09,23.45,25.8,21.65,23.3,7570
2020-07-10,24.7,24.7,22.05,23.55,2683
2020-07-13,23.15,23.15,22.55,22.55,1128
2020-07-14,21.55,22.9,20.8,22.35,4304
2020-07-16,21.15,22.95,21.15,22.95,60
2020-07-17,21.3,21.8,21.3,21.75,525
2020-07-20,22.7,23.45,21.65,22.7,7398
2020-07-21,22.7,23.35,22.25,23,2661
2020-07-22,23.5,24.8,22.55,23.15,2811
2020-07-23,25.35,25.35,22.3,23,3171
2020-07-24,22.5,24.7,22.5,22.95,6421
2020-07-27,23,23.65,21.7,21.8,4774
2020-07-28,21.8,22.5,21.55,22.3,4045
2020-07-29,22,24.45,21.4,21.65,4182
2020-07-30,21.15,22.3,21.15,22.2,1156
2020-07-31,21.65,21.75,20.25,20.75,4836
2020-08-03,20.45,21.4,19.2,20.2,3588
2020-08-04,20.2,22.2,20.05,22.2,12961
2020-08-05,24.4,24.4,23.05,24.4,11918
2020-08-06,26.8,26.8,26.8,26.8,13968
2020-08-07,28.1,28.1,27,28.05,8075
2020-08-10,27.95,27.95,26.65,26.65,10543
2020-08-11,25.45,26,25.4,26,1915
2020-08-12,24.85,26.85,24.75,25.15,2053
2020-08-13,24.3,26.4,24.3,26.25,1008
2020-08-14,27.45,27.5,25.5,26,3123
2020-08-17,26.1,26.15,25.05,26,7691
2020-08-18,25.2,27,24.7,26.5,3580
2020-08-19,27.8,27.8,25.8,26.15,4130
2020-08-20,25.8,27.3,24.9,25.2,2660
2020-08-21,26.3,26.3,24.1,24.65,5616
2020-08-24,24.5,25.7,24.5,24.75,3224
2020-08-25,24.75,25.8,24.05,25,6581
2020-08-26,24.65,26,24.25,25.9,2738
2020-08-27,26.95,27,25.4,26.6,4586
2020-08-28,25.8,26.85,25.35,25.5,2114
2020-08-31,25.5,25.5,24.25,24.35,876
2020-09-01,24.35,25.4,23.5,25.25,886
2020-09-02,24,26.35,24,26.2,163
2020-09-03,26.55,26.55,24.9,25.25,4011
2020-09-04,26,26.5,24,24.25,6407
2020-09-07,25.25,25.45,23.25,25.1,3126
2020-09-08,25.1,25.1,23.85,23.9,1740
2020-09-09,23,24,22.75,22.85,1350
2020-09-10,22.85,23.9,22.85,23.9,787
2020-09-11,23.05,25.05,23.05,24.5,888
2020-09-14,25.7,25.7,23.7,24.05,2319
2020-09-15,24.5,25.15,24.5,25,3354
2020-09-16,26.1,26.1,24.5,25.2,448
2020-09-17,24.1,26.2,23.95,24.05,8077
2020-09-18,24.85,24.9,23,24.2,2408
2020-09-21,24.2,24.2,23,23.25,12609
2020-09-22,22.5,24.2,22.5,23.9,1517
2020-09-23,23.3,24.35,23.3,24.3,300
2020-09-24,23.1,23.15,23.1,23.1,2260
2020-09-25,22.3,23.8,22.15,22.75,1009
2020-09-28,23.45,23.45,22.1,22.45,2966
2020-09-29,22.1,22.5,21.95,22.5,3592
2020-09-30,23.35,23.35,21.5,22.4,2750
2020-10-01,22.05,22.05,21.65,21.8,3052
2020-10-05,22.1,22.8,21.6,22.45,1161
2020-10-06,23.3,23.3,22.05,22.25,3625
2020-10-07,22.25,22.9,21.75,21.75,240
2020-10-08,22.6,22.6,21.5,21.55,151
2020-10-09,21,21.5,21,21.5,616
2020-10-12,20.7,21.05,20.3,20.85,400
2020-10-13,22.6,22.6,21.3,21.3,154
2020-10-14,20.65,22.45,20.65,22.25,219
2020-10-15,22.25,24.45,20.1,21.65,6751
2020-10-16,22.75,23.25,20.55,21.7,1545
2020-10-19,23.65,23.65,20.6,23,2573
2020-10-20,21.8,24,21.8,23.1,2009
2020-10-21,24,24,22.5,22.5,2
2020-10-22,23.95,24.5,22.5,24.2,2271
2020-10-23,25.4,26.35,22.8,23.3,5094
2020-10-26,23.3,23.5,21.55,22.6,2653
2020-10-27,23.85,23.85,22,23.45,169
2020-10-28,23.35,23.35,22,22.05,484
2020-10-29,22.5,24,22.1,22.4,259
2020-10-30,22.4,24.4,22.4,22.65,4443
2020-11-02,23.55,23.55,21.5,21.7,534
2020-11-03,21.55,23.5,21.55,23.05,2469
2020-11-04,22.45,22.75,21.9,22.05,2840
2020-11-05,23.4,23.4,22.15,22.15,230
2020-11-06,22.15,22.6,22.15,22.35,389
2020-11-09,21.4,22.45,21,21.8,973
2020-11-10,22.7,22.7,21.6,21.8,453
2020-11-11,21.75,22.65,21.1,21.65,8501
2020-11-12,21.6,22.45,20.9,21.05,7422
2020-11-13,21.9,22.85,21,22.1,6932
2020-11-14,24.1,24.1,20.4,22.4,2861
2020-11-17,22.25,22.5,21.55,22.35,1426
2020-11-18,21.65,21.8,21.65,21.7,113
2020-11-19,21.75,21.75,21.05,21.05,5247
2020-11-20,21.5,23.15,21,22.3,22584
2020-11-23,23.9,24.5,21.2,23.7,22539
2020-11-24,25.4,25.8,24.2,25.1,31304
2020-11-25,25.5,27.4,25.35,27.05,45686
2020-11-26,28.3,29.6,27,29.25,55141
2020-11-27,29,30.3,27.8,28.85,12102
2020-12-01,30.15,30.2,27.85,28.6,4924
2020-12-02,29.8,30,27.3,29.7,10464
2020-12-03,30.25,31.15,28.7,31,5546
2020-12-04,32.3,32.3,29.45,29.45,1666
2020-12-07,30.4,30.4,28.7,30.1,7838
2020-12-08,30.5,30.5,28.6,28.9,6769
2020-12-09,27.55,29.2,27.5,27.5,4999
2020-12-10,26.15,28.6,26.15,28.1,11402
2020-12-11,27.1,29.5,27.1,29.5,9082
2020-12-14,30.3,30.9,29.05,30.8,14866
2020-12-15,30.9,30.9,29.3,29.3,6055
2020-12-16,30.4,30.4,28.5,28.85,3074
2020-12-17,28.5,29.5,28,28,1413
2020-12-18,27.35,28.25,27.35,27.6,1295
2020-12-21,27,28.5,26.4,27.55,1678
2020-12-22,26.6,27.65,26.2,26.2,3146
2020-12-23,26.2,27.5,26.2,27.45,1615
2020-12-24,27.55,28.45,27.5,27.5,59
2020-12-28,27.9,27.9,26.5,26.65,618
2020-12-29,27.9,27.9,26.5,27.1,1339
2020-12-30,27.1,27.7,26.7,27.65,1268
2020-12-31,28.35,28.35,26.6,27.55,1558
2021-01-01,27.55,28.2,27.5,27.5,520
2021-01-04,28.25,28.25,27,27.2,2374
2021-01-05,28.15,28.15,27.45,27.95,746
2021-01-06,28.4,28.4,27.7,27.85,440
2021-01-07,27.6,29.1,27.3,28.3,1075
2021-01-08,28.1,28.1,27.25,27.4,578
2021-01-11,27.95,28.75,26.1,27.05,7014
2021-01-12,27.6,27.7,26.3,27.45,1333
2021-01-13,27.7,27.75,26.1,26.3,5084
2021-01-14,25.35,27,25.35,25.7,7086
2021-01-15,25.45,26.4,25,25.9,2348
2021-01-18,25.4,25.9,25.05,25.25,896
2021-01-19,25.75,26.45,25.15,26,901
2021-01-20,26.8,26.8,24.75,25.1,8119
2021-01-21,25.8,26.35,24.75,26,8848
2021-01-22,26.3,26.3,25.1,25.25,4732
2021-01-25,25.05,26.5,25.05,25.85,5725
2021-01-27,25.3,25.7,24.7,24.9,642
2021-01-28,24.8,24.9,24,24,1489
2021-01-29,23.95,24.65,23.95,24.2,1883
2021-02-01,25.35,25.35,23.4,23.7,482
2021-02-02,24.1,24.75,23.6,23.7,3596
2021-02-03,24.05,24.85,23.7,24.3,2319
2021-02-04,24.65,25.5,24.45,25,464
2021-02-05,25.6,25.6,24.2,24.35,1087
2021-02-08,23.55,26,23.55,25.9,1404
2021-02-09,25.9,26.45,24.2,24.9,2096
2021-02-10,25.35,26.65,24.25,24.65,1922
2021-02-11,25.25,26.35,24,24.65,1758
2021-02-12,24.2,26.25,24,25.9,1586
2021-02-15,25.05,25.75,25.05,25.5,908
2021-02-16,27.85,27.9,25.2,26.4,12537
2021-02-17,26.25,26.9,24.4,25.85,2300
2021-02-18,25.5,26.75,25.5,26.15,1852
2021-02-19,26.05,26.7,25,25.05,4829
2021-02-22,25.5,26.9,24.85,26.45,2180
2021-02-23,26.25,26.5,25.65,26.1,1166
2021-02-24,25.35,26.1,25.35,26,100
2021-02-25,26,26.5,25.5,26.15,4269
2021-02-26,26,26.7,25.15,26.4,357
2021-03-01,26.5,26.5,25.7,26,1101
2021-03-02,26.85,26.85,25.1,25.95,5113
2021-03-03,26.05,26.4,25.55,25.85,1268
2021-03-04,26.3,28.4,25.45,28.2,14968
2021-03-05,27.3,28.25,26.25,26.7,3478
2021-03-08,27.35,29.35,27.35,27.7,15694
2021-03-09,28.5,29.85,25,26.6,7528
2021-03-10,27,27.75,25.55,26.7,2800
2021-03-12,26.7,26.8,25.1,25.2,1440
2021-03-15,26.3,26.3,24.6,24.9,3985
2021-03-16,25.8,26.15,25.45,25.55,3517
2021-03-17,25.75,25.95,23,24.75,11291
2021-03-18,25.4,26.2,23.05,23.25,5455
2021-03-19,23.15,25.5,23.15,25.05,2737
2021-03-22,25.8,25.8,23.5,24.05,2372
2021-03-23,24.45,24.5,23.7,24.15,680
2021-03-24,25.75,25.85,23.6,24.35,1104
2021-03-25,23.4,24.1,22.55,23,1144
2021-03-26,23.1,24.9,23.05,24.85,728
2021-03-30,26.4,26.4,24,24.1,802
2021-03-31,24.2,25.35,23.45,23.6,1489
2021-04-01,24,25.95,24,25,803
2021-04-05,25,25.9,24,25.25,1871
2021-04-06,25,25.2,24.2,24.5,539
2021-04-07,24.3,24.95,24.1,24.95,357
2021-04-08,24.05,25.55,22.7,25.05,1362
2021-04-09,25.45,25.55,24.6,25.15,668
2021-04-12,25.6,25.75,23.4,23.95,1059
2021-04-13,23.95,24.85,23.2,23.8,333
2021-04-15,22.1,28.55,21,28.2,41285
2021-04-16,31.4,33.8,29.05,33.8,118865
2021-04-19,37.45,40.55,36.4,40.55,249916
2021-04-20,44.55,44.6,44.55,44.6,22207
2021-04-22,49.05,49.05,47.2,49.05,31710
2021-04-23,53.95,53.95,53.95,53.95,13973
2021-04-26,56.6,56.6,54.25,56.6,49813
2021-04-27,59.4,59.4,59.4,59.4,8123
2021-04-28,62.35,62.35,56.45,56.45,73793
2021-04-29,53.65,53.65,53.65,53.65,6715
2021-04-30,51,51,51,51,3722
2021-05-03,48.45,48.45,48.45,48.45,1851
2021-05-04,46.05,46.05,46.05,46.05,9873
2021-05-05,44.1,48.35,43.75,48.35,13317
2021-05-06,50,50.75,46.25,49.45,43508
2021-05-07,51,51,47,47,27488
2021-05-10,46,47.85,44.65,44.75,22389
2021-05-11,45.9,45.9,42.8,44.55,10086
2021-05-12,45,46.75,43,44.9,23236
2021-05-14,46.45,46.95,44.45,45.25,11536
2021-05-17,46.9,47.5,45.65,46,7604
2021-05-18,45.15,47.7,44.4,45.15,5408
2021-05-19,45.15,47.4,43.85,46.5,17602
2021-05-20,45.65,46.75,44.55,45.25,3509
2021-05-21,45.25,46.65,44.55,45.3,3213
2021-05-24,47.25,47.45,44,44.85,4821
2021-05-25,44.5,47,44.3,45.85,4173
2021-05-26,46,48.1,44.1,48.05,32399
2021-05-27,50.45,50.45,49.05,50.45,24639
2021-05-28,52.95,52.95,48.5,49.75,25337
2021-05-31,49.75,52.2,47.6,48.95,19716
2021-06-01,47.05,49.95,47.05,47.55,7753
2021-06-02,49.65,49.9,47.05,49.5,12886
2021-06-03,51.75,51.95,49.5,51.95,8073
2021-06-04,54.5,54.5,52.1,52.1,16638
2021-06-07,54,54,49.1,50.6,18613
2021-06-08,53.8,53.8,48,50.45,21803
2021-06-09,51.95,52.45,47.05,47.75,7933
2021-06-10,47.75,50.7,45.25,48.05,13147
2021-06-11,51.5,51.5,47.3,48.15,9502
2021-06-14,46.3,49.85,43.35,46.2,23060
2021-06-15,44.75,50.8,44.75,50.4,52103
2021-06-16,52.9,55.35,46.65,54.85,98909
2021-06-17,54.85,60.3,52.25,60.3,73471
2021-06-18,63.2,63.3,57.3,59.65,56003
2021-06-21,59.6,59.6,56.7,58.1,15871
2021-06-22,59.8,59.8,55.25,56.05,8503
2021-06-23,57.9,58.85,54,54.85,14674
2021-06-24,54.8,56.75,52.55,54.05,17139
2021-06-25,54,54.85,51.55,52.65,14794
2021-06-28,54,54.95,52.05,53.75,5926
2021-06-29,55.55,55.55,52,52.8,14067
2021-06-30,53.8,55.4,51.2,52.8,20539
2021-07-01,53,55,53,54.7,11973
2021-07-02,54.7,54.7,52.3,52.6,7834
2021-07-05,53.85,53.85,51.35,52,6048
2021-07-06,52,52.85,51.05,52.3,8070
2021-07-07,53.3,53.3,51.05,52.2,16599
2021-07-08,52.95,52.95,50.35,50.85,15567
2021-07-09,49.7,52.85,49.7,52.35,17204
2021-07-12,53.65,54.95,51.85,54.95,24327
2021-07-13,55.5,57.65,55.1,56.65,31371
2021-07-14,56,58.65,55,55.7,20213
2021-07-15,57.65,57.65,53.5,53.8,11385
2021-07-16,54.9,55,51.75,54.2,6956
2021-07-19,54,56.9,53.65,56.9,16191
2021-07-20,59.65,59.65,55.25,57.05,35251
2021-07-22,55.6,57.9,54.5,57,15295
2021-07-23,55.35,58,55.35,56.05,9593
2021-07-26,57,57.35,56,57.1,11559
2021-07-27,55.1,57,54.7,54.85,9752
2021-07-28,54.4,55.35,52.15,52.6,9210
2021-07-29,53.35,55.2,50.9,55.1,8674
2021-07-30,57.35,57.35,53.3,54.3,6157
2021-08-02,56.3,56.3,52.7,55,22548
2021-08-03,54.1,56,53,53.85,10544
2021-08-04,53.8,54.4,51.35,51.55,11446
2021-08-05,51.55,53.35,49.55,51.05,9970
2021-08-06,52.7,53.05,50.15,52.6,4671
2021-08-09,50.6,54.2,50.6,53.1,5119
2021-08-10,54.05,54.4,48.1,48.95,16471
2021-08-11,49.95,53.8,44.1,45.65,30417
2021-08-12,45,48.7,45,46.9,13323
2021-08-13,49.65,51.55,49.65,50.75,41394
2021-08-16,50.6,51.4,46.15,47.1,18061
2021-08-17,48.85,48.85,46.5,46.55,3483
2021-08-18,46.5,48.9,45.2,45.5,10020
2021-08-20,47.25,50,42.85,47.05,29719
2021-08-23,48,48,43.2,43.55,9994
2021-08-24,46.55,46.55,42.6,44.9,10525
2021-08-25,46.95,46.95,44.65,44.7,7194
2021-08-26,43.55,45.7,42.95,43.95,9913
2021-08-27,43,44.9,43,43.95,8819
2021-08-30,46.95,46.95,43.05,44.8,5005
2021-08-31,46.75,46.75,44,44.9,9580
2021-09-01,45.95,46.6,43.5,44,6724
2021-09-02,44.8,44.8,42.8,43.1,7746
2021-09-03,44.35,44.6,42.9,43.45,8215
2021-09-06,43,44.8,43,43.2,3953
2021-09-07,43.1,43.9,42.25,42.35,3831
2021-09-08,43.05,44.4,41.55,41.85,8704
2021-09-09,42.3,43.65,42.1,42.9,4891
2021-09-13,44,44,42.15,43.85,8043
2021-09-14,45.2,46.15,44.05,45.05,8016
2021-09-15,47.85,47.85,44.1,45,10488
2021-09-16,47.45,47.45,44.5,45.55,5763
2021-09-17,46.15,46.25,42.5,43.4,6831
2021-09-20,44.95,44.95,43,43.2,1528
2021-09-21,43.95,44.4,41.7,42.9,3875
2021-09-22,42.05,44.75,41.65,43.6,13269
2021-09-23,44.9,46.5,44.4,45,5015
2021-09-24,44.45,45.05,41.3,42.1,17928
2021-09-27,44.85,44.85,41.7,43.35,2009
2021-09-28,43.45,43.45,41.05,41.9,7333
2021-09-29,42.65,44.75,41.55,42.25,6733
2021-09-30,43.55,43.55,41.75,42.1,1346
2021-10-01,42.05,42.15,41.1,41.75,6266
2021-10-04,43.7,43.7,42,42.4,4750
2021-10-05,41.2,45.8,41.2,43.65,10035
2021-10-06,45.5,46.25,41.5,43.55,19514
2021-10-07,44.45,47.5,43.55,46.35,22761
2021-10-08,46.55,46.9,44.5,45.55,7130
2021-10-11,45.85,54.65,45.5,54.65,76401
2021-10-12,61.5,65.55,58.65,65.35,387777
2021-10-13,65,65,58.85,58.85,84699
2021-10-14,55.3,57.7,53,53.3,70365
2021-10-18,55,55.9,51,51.65,20180
2021-10-19,53.8,53.8,49.1,49.1,35703
2021-10-20,50.35,50.35,46.7,47.5,5425
2021-10-21,47.5,49.85,47,47.7,13604
2021-10-22,47.7,49.65,47.15,48.5,5053
2021-10-25,50.45,50.5,46.4,47.2,3697
2021-10-26,46.95,47.95,45.25,46.05,6815
2021-10-27,47.45,47.45,45.35,45.55,4486
2021-10-28,45.95,47.4,44.45,44.65,2949
2021-10-29,45.9,45.95,42.6,43.65,4902
2021-11-01,45.5,45.8,43.75,45.8,2860
2021-11-02,46.05,48.05,46.05,48.05,6598
2021-11-03,50.45,50.45,46.55,50.45,14456
2021-11-04,51.45,52.9,49.05,52.7,9146
2021-11-08,51.35,53.75,50.1,50.1,7054
2021-11-09,48.8,52.6,48.75,51.65,4259
2021-11-10,53.6,53.6,49.7,51.75,3764
2021-11-11,53.2,53.2,49.25,51.35,9312
2021-11-12,49.9,52.8,48.8,48.9,16839
2021-11-15,47.85,50.9,46.85,50.15,12423
2021-11-16,51,52.5,48.25,48.7,1263
2021-11-17,50.6,51,48.1,48.85,9068
2021-11-18,48.9,51.1,47.4,48.55,6382
2021-11-22,47.7,50.2,46.6,46.85,5558
2021-11-23,48.85,48.85,46.25,47.7,1611
2021-11-24,47.1,48.95,47.1,47.9,1482
2021-11-25,47.9,49,47.2,47.85,1956
2021-11-26,47.35,49.95,45.7,46,4885
2021-11-29,45.7,45.7,43.7,44.15,3335
2021-11-30,42.8,46,42.8,45.25,1265
2021-12-01,45.9,46,44.15,45.65,554
2021-12-02,47.1,47.1,45.5,45.8,1028
2021-12-03,47.3,48.05,44.1,45.75,3518
2021-12-06,47.4,47.4,43.6,44.2,5500
2021-12-07,45.35,45.95,44.3,45.1,1848
2021-12-08,46.5,48.25,43,47.3,7250
2021-12-09,48.9,48.9,44.75,47.85,9138
2021-12-10,49.7,49.75,46.2,48.7,15918
2021-12-13,48.95,49.25,47.05,48.65,5493
2021-12-14,49.9,50,46.8,47.2,1471
2021-12-15,47.8,49.95,45.3,47.85,11151
2021-12-16,47,49,45.9,46.65,3739
2021-12-17,46.5,47.9,44.5,46.85,9604
2021-12-20,47.6,47.6,44,44.35,5052
2021-12-21,45.8,45.9,40.1,41.4,30156
2021-12-22,42.95,42.95,40.25,42.5,5935
2021-12-23,43.9,44.8,42.9,43.6,3526
2021-12-24,43.6,43.85,41.05,43.5,9097
2021-12-27,42.35,44.7,42.35,43.25,7753
2021-12-28,43.45,44.95,42.95,43.9,9963
2021-12-29,45.5,45.5,43.4,44.35,1393
2021-12-30,44.55,44.65,43.3,43.9,2312
2021-12-31,43.05,46.5,43.05,44.8,6600
2022-01-03,45.75,48.8,44.45,46.8,5764
2022-01-04,50,51.45,45.15,51,48696
2022-01-05,52.8,55.1,50,53.75,80607
2022-01-06,52.75,56,50.3,52.6,31139
2022-01-07,54.7,54.7,48.55,50.15,24572
2022-01-10,49.35,51.9,48.5,49.95,22004
2022-01-11,50.75,54.9,50.1,54.9,43258
2022-01-12,58.8,60.35,52.05,54.2,198520
2022-01-13,52.35,58,51.3,54.6,20869
2022-01-14,55.95,56.95,53.05,53.5,16388
2022-01-17,54,56,53.15,55.3,25639
2022-01-18,55,59.4,54.45,55.35,35076
2022-01-19,56,58.3,53,55.85,39188
2022-01-20,55.6,58.15,54.65,54.9,8432
2022-01-21,56.85,57,54.3,55.15,23624
2022-01-24,53.85,55.35,50.95,52,18427
2022-01-25,52.85,54,50.85,53,10106
2022-01-27,51.6,54.8,50.1,54,8379
2022-01-28,54,56.2,52.7,54.25,5220
2022-01-31,53.5,55.5,53.5,54.6,15144
2022-02-01,54.35,57,52.3,54.9,8469
2022-02-02,55.2,56.95,53.65,54.2,4152
2022-02-03,57.8,57.9,54.35,55.7,12196
2022-02-04,57.05,57.05,54.6,55.35,3403
2022-02-07,53.9,66.4,53.9,66.4,230069
2022-02-08,71.3,75.9,63.2,65.9,360934
2022-02-09,68,72.65,65.75,66.95,93949
2022-02-10,67.2,69,60.35,64.4,42451
2022-02-11,63,63.55,60,60.7,22387
2022-02-14,60.05,60.35,55.25,56.3,24100
2022-02-15,55.25,58.4,53.15,56.3,15123
2022-02-16,57.1,67.55,56.05,67.55,214052
2022-02-17,74.4,81.05,72,78.8,934414
2022-02-18,78.8,93.4,78.8,91.4,1259937
2022-02-21,89.6,89.6,82.3,82.3,136336
2022-02-22,76,78.5,74.1,74.1,35619
2022-02-23,72.25,77.75,68.15,71.85,148147
2022-02-24,68.6,69.4,68.3,68.3,13441
2022-02-25,65.6,70.55,64.9,64.9,41877
2022-02-28,61.7,68.1,61.7,67.8,44031
2022-03-02,68.95,68.95,64.45,65.3,18149
2022-03-03,65.35,68,65.05,66.45,16947
2022-03-04,64.3,66.8,63.75,63.85,9183
2022-03-07,63.8,63.8,60.7,60.7,13557
2022-03-08,60.7,62.5,58.2,58.8,12573
2022-03-09,58.9,61.7,57.6,61.3,20695
2022-03-10,63.5,64.35,61.7,63.2,13216
2022-03-11,64.3,66.35,63.3,64.25,18585
2022-03-14,63.75,64.95,62.05,62.4,10245
2022-03-15,64,64.35,60.5,62.45,12749
2022-03-16,63,63,61,61.2,9747
2022-03-17,61.25,64.25,61.25,62.75,13215
2022-03-21,62.75,63.4,60.15,61.75,11283
2022-03-22,61.8,61.8,60,60.7,8830
2022-03-23,60.7,62.15,58.6,59.2,13583
2022-03-24,58.95,59.6,58.05,58.35,5539
2022-03-25,58.35,58.85,55.45,56.1,11005
2022-03-28,55.2,58.9,55.05,57.6,21047
2022-03-29,60,60,54.75,57.7,21830
2022-03-30,57.05,58,56.1,56.6,4556
2022-03-31,56.05,57.7,55.15,55.2,5252
2022-04-01,57,57.5,53.1,56.15,23456
2022-04-04,55.9,57.7,55.9,56.35,7308
2022-04-05,56,58.75,55.2,56.7,10003
2022-04-06,56.7,58.55,56.15,57.15,7998
2022-04-07,57,58.7,56.75,58.15,7592
2022-04-08,58.05,61.05,57.5,61.05,14443
2022-04-11,63,63.5,62.1,63.25,11502
2022-04-12,64,64,60.1,60.35,14201
2022-04-13,61,61.7,58,59.4,11266
2022-04-18,59.4,60,57.35,58.5,5507
2022-04-19,60,60.1,58.55,59.75,6409
2022-04-20,59.25,59.3,56.8,56.95,21152
2022-04-21,59.5,59.7,56.65,59.2,9186
2022-04-22,59.8,59.8,57.5,58.45,5976
2022-04-25,57.3,59.95,56.6,57.2,15715
2022-04-26,59.4,59.4,56.85,57.65,4361
2022-04-27,57.75,57.95,56.5,57.6,2083
2022-04-28,59.9,59.9,55.3,56.25,2913
2022-04-29,55.6,56.5,53.6,53.75,11269
2022-05-02,54.2,54.3,51.25,51.55,10186
2022-05-04,53.85,53.85,49.2,50.05,7089
2022-05-05,50.15,52.5,48.25,48.75,10434
2022-05-06,48,49.85,46.45,49.3,8053
2022-05-09,48.35,49.95,47.05,48.7,2131
2022-05-10,48.2,49.65,48,48.7,1267
2022-05-11,48.25,48.3,46.3,46.9,3036
2022-05-12,49,49,46.1,46.45,2872
2022-05-13,46.45,48.75,46.4,48.25,5459
2022-05-16,49.9,49.9,46.5,47.2,3363
2022-05-17,47.35,49.55,47.35,49.2,3928
2022-05-18,51.1,51.1,49.15,50.55,4412
2022-05-19,48.2,50.8,48.2,48.5,4144
2022-05-20,49.45,50.9,49.1,49.95,4684
2022-05-23,48.6,49.95,48.6,48.85,1693
2022-05-24,49,49.95,47.15,47.55,1020
2022-05-25,48.65,49.55,46.9,47.25,788
2022-05-26,49.25,49.3,45.45,47.95,2259
2022-05-27,47.25,49.45,47.25,47.95,944
2022-05-30,48.2,48.7,47,47.35,4243
2022-05-31,48,49,47.1,48.7,3259
2022-06-01,49,49.45,47.65,48.35,1176
2022-06-02,48.3,50,47.55,49.15,995
2022-06-03,48.2,50.7,47.75,49.4,2167
2022-06-06,48.15,49.3,47.95,48.05,1373
2022-06-07,48,48.5,47.3,47.7,1396
2022-06-08,47.05,48.95,45.6,46.85,1985
2022-06-09,49.6,51.5,47.65,49.1,24046
2022-06-10,49.05,49.25,47,47.3,5056
2022-06-13,47,48.95,45.4,46.15,1945
2022-06-14,45,48.95,44.6,46.65,1212
2022-06-15,46.25,46.95,43.3,44.6,13758
2022-06-16,44.95,45,40.15,40.15,23966
2022-06-17,40.2,41.8,39.25,40.85,3240
2022-06-20,39.45,42.75,36.8,40.5,5874
2022-06-21,37.6,42.8,36.8,41.2,1811
2022-06-22,41.5,42.35,37.1,38.35,9933
2022-06-23,38.85,40.45,37.6,38.3,1818
2022-06-24,39.8,41.05,38.5,38.9,5780
2022-06-27,39.5,40.45,38.9,39.35,2890
2022-06-28,40.15,40.25,39.35,40.1,536
2022-06-29,41.45,44,38.55,40.1,10155
2022-06-30,39.3,41.35,39.3,40.85,1709
2022-07-01,40,40.95,39.45,39.5,456
2022-07-04,39.5,41.9,38.25,39.35,3572
2022-07-05,39.55,40.9,39.15,40.1,675
2022-07-06,40.45,41,39.3,40.55,1262
2022-07-07,41,41.95,39.55,40.25,3566
2022-07-08,41.7,41.7,40.25,41,440
2022-07-11,41.65,45.1,41,45.05,51380
2022-07-12,47,47,42.55,43.85,25381
2022-07-13,45.65,45.65,43.1,43.9,7932
2022-07-14,45.1,46.15,42.3,43.5,5808
2022-07-15,42.55,44,42.5,43,1771
2022-07-18,42.55,46.05,42.15,44.85,6541
2022-07-19,44.95,44.95,44.05,44.4,1612
2022-07-20,43.5,45.8,43.5,44.25,1732
2022-07-21,43.7,44.8,43.6,43.65,4017
2022-07-22,42.45,44.45,42.35,43.2,828
2022-07-25,43,47.5,42.55,47.1,44650
2022-07-26,49.3,49.3,45,45.55,6957
2022-07-27,43.9,45.5,43.3,44,3426
2022-07-28,44.05,44.05,43.15,43.35,5931
2022-07-29,44.45,47.5,43.6,45.95,6794
2022-08-01,48.2,48.2,44.45,47.6,8701
2022-08-02,48,49.85,45,47,28142
2022-08-03,47,48,45.6,47.05,9081
2022-08-04,46.55,50.3,46.4,47.75,16109
2022-08-05,50.55,57.3,50.55,57.3,105175
2022-08-08,62.4,68.75,54.85,68.75,608038
2022-08-10,70.8,73.95,66.4,67.25,382253
2022-08-11,65.95,68.4,61.25,62.85,47372
2022-08-12,64.7,64.7,60.8,61,6572
2022-08-16,58.05,59.85,57.95,57.95,5181
2022-08-17,55.1,55.1,55.1,55.1,3954
2022-08-18,52.4,55.95,52.35,53.45,25076
2022-08-19,53.8,55.95,53.1,55.1,6727
2022-08-22,54.9,54.9,52.75,53.3,2355
2022-08-23,51.15,55.35,51.15,53.1,6488
2022-08-24,52.05,54.7,50.7,53.85,2279
2022-08-25,52.8,53.95,51.6,53,2653
2022-08-26,51.15,53,50.4,51.95,3956
2022-08-29,51.9,52.45,50.35,50.85,3475
2022-08-30,52.65,52.65,51,52.25,1755
2022-09-01,52.45,52.6,50.1,52.55,5071
2022-09-02,51.5,53,51.5,52.25,2350
2022-09-05,52.25,54.8,52,52.45,3514
2022-09-06,54.6,54.6,52.1,54.25,4526
2022-09-07,52.25,54.25,52.25,53.1,2552
2022-09-08,52.1,54.95,50.55,53.6,8581
2022-09-09,53.6,53.6,52,52.55,6654
2022-09-12,52.2,53.3,52.2,53,2733
2022-09-13,51.95,54,51.95,53.4,6836
2022-09-14,54.7,54.7,52,53.1,5533
2022-09-15,52.3,53.95,50.6,52.4,5826
2022-09-16,52,52.6,50.5,51.15,7054
2022-09-19,52.2,52.2,48.85,50.75,5200
2022-09-20,50.65,51.95,49.25,49.55,2498
2022-09-21,49.35,50.65,48.7,49.45,1844
2022-09-22,50.45,50.7,48.65,50.25,1343
2022-09-23,50.05,50.05,49,49.45,4430
2022-09-26,49.15,50.85,47.5,47.85,1864
2022-09-27,49.55,49.8,47,47.55,2695
2022-09-28,48.95,49.9,45.85,49.4,3619
2022-09-29,49.2,50.7,48.4,49.4,827
2022-09-30,49.15,50.45,49.15,50,225
2022-10-03,49.1,52.15,48,48.45,3387
2022-10-04,48.3,49.95,48.3,49.65,2329
2022-10-06,50.9,52.1,49.6,50.75,4390
2022-10-07,50.5,53.25,50.15,52.25,2547
2022-10-10,52.6,52.65,47.25,49.55,5886
2022-10-11,50.95,52.8,49.85,50.8,5822
2022-10-12,52.35,52.35,50.25,51.75,2026
2022-10-13,50.15,50.95,49.05,49.35,1058
2022-10-14,50,50.5,49.05,49.35,1261
2022-10-17,49.4,49.4,48.25,48.4,883
2022-10-18,50.3,50.3,47.7,48.05,5608
2022-10-19,48.3,51,47.55,47.8,2000
2022-10-20,48.05,48.95,47.2,47.55,1147
2022-10-21,47.35,48,45.55,46.5,2639
2022-10-24,50.95,50.95,47.55,47.75,1214
2022-10-25,49,50.1,48.05,49.05,1935
2022-10-27,49.35,49.85,47.2,47.85,1927
2022-10-28,49.9,49.9,47.4,47.6,558
2022-10-31,47.25,52.35,46.35,51,4931
2022-11-01,51,51.45,48.15,48.55,1685
2022-11-02,50.95,50.95,46.15,49.55,4457
2022-11-03,49.55,54.5,49,51.6,39496
2022-11-04,51,56.75,50.3,54,91206
2022-11-07,57.8,59.4,52.3,59.4,126070
2022-11-09,63,63,60,60.45,80617
2022-11-10,60.95,60.95,55.15,55.9,19559
2022-11-11,57.45,59,54.15,56.4,19008
2022-11-14,57,57,54.05,54.65,4544
2022-11-15,55.85,55.85,52,53.9,13479
2022-11-16,53.55,54.85,52.15,52.5,3394
2022-11-17,54.7,54.7,52.2,52.9,4417
2022-11-18,52.15,53.75,52.1,52.6,2589
2022-11-21,53.65,53.65,51,51.55,1799
2022-11-22,52.05,54.9,50.55,51.85,15554
2022-11-23,52.15,57,48.6,57,49352
2022-11-24,59.4,62.7,54.3,62.65,210516
2022-11-25,64.8,68.9,60.3,61.3,316937
2022-11-28,61.35,62.4,57.55,58.3,18515
2022-11-29,58.3,58.85,56.7,57,9760
2022-11-30,57,58.95,56.15,56.95,9620
2022-12-01,56.05,59.05,56.05,57.45,1779
2022-12-02,59,63.15,57,63,76153
2022-12-05,64.5,67.5,60.35,61.5,143016
2022-12-06,60.2,61.85,57.7,58.15,17485
2022-12-07,58.45,60.55,58.3,60.1,6328
2022-12-08,62.65,66.1,61.2,61.8,51879
2022-12-09,61.8,63.4,60,61.45,13643
2022-12-12,62,65,58.35,58.85,26094
2022-12-13,59,60.3,57.85,59.55,7318
2022-12-14,59.05,60.6,57.9,58.7,6200
2022-12-15,60,60,57.05,57.7,7591
2022-12-16,58.45,62,57.65,58.05,7450
2022-12-19,60.35,60.35,54.35,57.35,6618
2022-12-20,57.1,58.45,57,57.55,873
2022-12-21,57.55,59.8,55.05,56.05,4669
2022-12-22,55.25,55.25,52.1,52.45,7937
2022-12-23,51.45,52.6,47.65,49.3,3855
2022-12-26,48.6,54.2,47.7,53.65,8107
2022-12-27,56.9,56.9,54.05,54.95,2007
2022-12-28,56.75,56.75,54.5,55,582
2022-12-29,53.7,54.9,53.2,54,1315
2022-12-30,53.2,56.25,53.2,53.85,2911
2023-01-02,52.45,57,52.45,56.5,4521
2023-01-03,57.95,58.9,55,55.55,2224
2023-01-04,54.85,56.7,54,56.15,1063
2023-01-05,55.3,56.6,54.5,56.55,2257
2023-01-06,55.1,55.6,53.5,54.1,1421
2023-01-09,54.1,56.7,54.1,55.85,1524
2023-01-10,55.85,55.85,53.6,54.2,1522
2023-01-11,54.6,55.5,53.3,53.45,3166
2023-01-12,54,55.75,53.6,54.2,2803
2023-01-13,54.1,54.95,53.65,54.25,384
2023-01-16,54.3,54.7,52.6,52.95,1792
2023-01-17,53.1,54.3,52.95,53.15,1223
2023-01-18,53.7,53.7,50,51.35,4581
2023-01-19,51.9,53,51.2,52.3,2637
2023-01-20,53,53,51.6,51.65,1155
2023-01-23,51.65,53.9,50.3,52.6,1597
2023-01-24,53.85,54.75,52.95,53.3,1012
2023-01-25,53.1,53.75,49.35,49.75,10692
2023-01-27,50.8,50.85,47.05,48.15,7155
2023-01-30,47.95,48.7,45.95,48.45,4107
2023-01-31,49,49.75,48.55,49.25,2598
2023-02-01,49.05,50.35,48.65,49,3735
2023-02-02,49.1,51.65,48.05,48.25,1511
2023-02-03,49.05,50.95,47.3,49.45,2298
2023-02-06,50,50.45,48.1,49.2,972
2023-02-07,49.95,51,47.5,48,1588
2023-02-08,48,50.15,48,49.1,4478
2023-02-09,49.3,49.9,48.3,48.35,799
2023-02-10,49,49,47.6,47.8,1443
2023-02-13,48,48.8,47.55,47.75,330
2023-02-14,47.7,51.3,47.7,48.95,2512
2023-02-15,53.8,53.8,46.4,46.75,16578
2023-02-16,47.65,49.9,47.6,48.1,3674
2023-02-17,48.3,48.8,47.25,47.55,2812
2023-02-20,47.55,48.65,46.4,47.4,2048
2023-02-21,46.4,49.55,46.4,48.25,8804
2023-02-22,48.55,48.95,46.85,47.1,1323
2023-02-23,47.45,47.6,44.35,45.1,3716
2023-02-24,46.35,46.9,44.5,45.2,2123
2023-02-27,45.2,46.8,45,45.2,564
2023-02-28,45.55,47.15,45.5,45.65,486
2023-03-01,41.15,48.65,41.15,46.7,22604
2023-03-02,46.7,47,45.3,46.35,1324
2023-03-03,46.35,49.5,46.35,48.2,3480
2023-03-06,51,51,48.4,49.95,2422
2023-03-08,48.05,48.7,47.5,47.85,961
2023-03-09,50,50,47.85,48.85,1446
2023-03-10,48.75,49.45,48.05,49.15,226
2023-03-13,48.55,48.6,47.05,47.5,509
2023-03-14,47.05,49.05,47,47.15,1138
2023-03-15,47.05,48.55,47.05,47.35,570
2023-03-16,47.1,49,44.65,48.1,3465
2023-03-17,47.6,48.7,47.55,48,2249
2023-03-20,47.05,48.7,45.35,47.8,4932
2023-03-21,47.4,48.7,46.1,48.5,1548
2023-03-22,48.5,49.4,46.85,47.65,3849
2023-03-23,48.4,48.9,47.55,48.9,564
2023-03-24,46.85,49.85,46.2,47.35,2212
2023-03-27,47.35,48.5,45.55,48.5,2124
2023-03-28,48.4,48.9,46.85,48.65,2082
2023-03-29,48.2,49,47.35,48.5,4328
2023-03-31,48.5,49.5,48.05,49.05,1570
2023-04-03,48.55,51,46.95,49.4,11930
2023-04-05,50.45,53.35,49.5,52.7,7303
2023-04-06,55,55,52,53.7,4534
2023-04-10,52.6,54.9,51.65,53.4,10096
2023-04-11,55.1,64.05,53.6,64.05,73313
2023-04-12,70,70,58.15,59.2,145041
2023-04-13,60,60.9,55.4,56.15,19998
2023-04-17,57.9,58,54.8,55.85,8491
2023-04-18,55.15,57.2,54.3,56.65,5917
2023-04-19,55.25,67,55,58.6,443460
2023-04-20,57.85,59.9,57,57.55,19324
2023-04-21,58.5,58.5,57.1,57.9,6532
2023-04-24,58.95,58.95,57.9,58.5,7701
2023-04-25,58.5,59.5,57.9,58,6068
2023-04-26,57.9,59,57,58.25,2845
2023-04-27,58.25,59.8,58,58.45,3191
2023-04-28,58.6,58.6,55.1,56.45,3534
2023-05-02,59.55,59.55,55.6,56.15,7142
2023-05-03,56.15,57.7,55.75,56.4,3352
2023-05-04,57.8,58.4,56.05,57.5,3047
2023-05-05,57.1,57.5,56.5,56.7,1273
2023-05-08,57.2,57.5,56.25,56.55,2052
2023-05-09,57,58.1,53.15,55.65,5088
2023-05-10,56.4,57.35,53.5,55,3998
2023-05-11,56.35,57.15,55.9,56.9,6828
2023-05-12,56.9,58.3,56.45,57.3,603
2023-05-15,56,58.9,56,56.7,3178
2023-05-16,56.9,57.45,55.85,56.3,1077
2023-05-17,56.4,57.3,56.35,56.5,1189
2023-05-18,56.5,56.95,54.3,55.8,1323
2023-05-19,55.8,56.7,52.95,53.95,6934
2023-05-22,54,55.15,51.5,52.85,3320
2023-05-23,52.05,61,52.05,56.9,50188
2023-05-24,56.9,59.8,56.9,58.6,3077
2023-05-25,58.6,58.6,55.2,56.7,5286
2023-05-26,57,58.3,54.05,56.15,5867
2023-05-29,56.5,56.95,54.45,55.5,1280
2023-05-30,55.65,55.65,51.15,52.4,11298
2023-05-31,52.8,55.8,52,54,2162
2023-06-01,55.65,56.35,54.05,55.75,2742
2023-06-02,57.65,57.65,54.5,56.65,932
2023-06-05,57.95,57.95,53.3,54.05,7834
2023-06-06,54.9,55.9,54.1,55.55,924
2023-06-07,55.5,56.8,54.05,54.8,6869
2023-06-08,56.65,56.65,56,56,486
2023-06-09,57,57,55,55.4,2028
2023-06-12,55.4,56.35,55,55.6,402
2023-06-13,54.1,56.6,54.1,54.9,2936
2023-06-14,54.25,56.55,54.1,55.3,306
2023-06-15,55.95,55.95,52.85,54.1,1517
2023-06-16,56.5,58,54.6,55.65,2478
2023-06-19,55.65,56.4,54.1,54.4,3476
2023-06-20,54.65,57.2,54.65,56.65,3009
2023-06-21,59.85,59.85,56.15,56.95,4916
2023-06-22,59,59,55.15,56.2,3331
2023-06-23,56,58.7,54.9,57.95,4004
2023-06-26,56.35,57.65,56,56.95,388
2023-06-27,56.15,58,56.1,57.35,3026
2023-06-28,56.8,58.6,55.4,58,9620
2023-06-30,57.75,57.75,55.4,57.05,2154
2023-07-03,57,57,54.8,56.3,6923
2023-07-04,57.95,57.95,55,56.15,5324
2023-07-05,57,58.75,56,57.95,9491
2023-07-06,60.85,60.85,54.4,55.6,8049
2023-07-07,55.15,57.2,55.1,56.25,3720
2023-07-10,58.4,58.4,56.1,56.65,1173
2023-07-11,56.05,58,55.5,56.1,5590
2023-07-12,57.4,58.3,55.95,57.85,7899
2023-07-13,57,58.65,54.2,55.1,7778
2023-07-14,55.25,56.65,55,55.35,1166
2023-07-17,54.6,60.4,54.6,58.9,23534
2023-07-18,58.9,60,58.15,59.5,12330
2023-07-19,59.6,61.85,56.15,57,68591
2023-07-20,58,58.5,56,57.4,2570
2023-07-21,56.25,59.65,56.25,56.35,7746
2023-07-24,56.35,57.75,55.55,56.55,4654
2023-07-25,56.55,57.2,55.7,56.1,2322
2023-07-26,56.1,57.9,55.85,56.25,1015
2023-07-27,56.2,59.8,56.1,56.75,6189
2023-07-28,56.75,57.55,55.75,56.3,2524
2023-07-31,56.2,57.8,55.7,55.95,4415
2023-08-01,57,57,55.85,56,911
2023-08-02,56.95,58,53.05,54.1,14195
2023-08-03,54.15,55.95,54.15,55.2,1719
2023-08-04,54,56.45,54,55.35,5003
2023-08-07,54.9,58.5,54.6,55.55,23592
2023-08-08,55.75,57.6,55.75,57.1,8465
2023-08-09,57,57.75,56.1,57,10023
2023-08-10,57.65,59,55.35,56.2,17279
2023-08-11,57.5,57.7,55.5,56.75,6362
2023-08-14,55.75,57.7,54.95,55.95,7867
2023-08-16,57.25,58.55,55.6,57.5,3078
2023-08-17,57.05,57.05,55.55,56.35,2452
2023-08-18,56,66.85,56,62.3,204171
2023-08-21,67,67,58.05,58.9,94672
2023-08-22,60.9,61.7,57.5,58.65,38561
2023-08-23,59.8,60.75,57.45,57.95,17303
2023-08-24,57.8,61.95,55.3,58.5,42360
2023-08-25,58.45,59.8,56.5,57.85,14927
2023-08-28,57.45,59.5,57.15,57.55,10775
2023-08-29,58.55,59.25,56.3,57.05,19419
2023-08-30,56.95,58.95,55.95,57.3,23746
2023-08-31,57.15,67.45,56.55,64.3,86820
2023-09-01,72.15,77.15,68,69.25,934399
2023-09-04,69.35,71.8,66.2,68.3,114385
2023-09-05,68.85,70.45,67.05,67.45,33780
2023-09-06,68.45,68.45,66.3,66.65,25270
2023-09-07,67.35,70.9,65.45,67.5,122338
2023-09-08,67.8,69.65,66.7,68.55,26445
2023-09-11,70.5,71.5,68.2,68.7,14507
2023-09-12,69.4,69.9,64.55,65.15,24528
2023-09-13,67.65,68.75,64.15,66.2,20169
2023-09-14,66,67,64.95,65.55,10408
2023-09-15,66.35,66.7,64.65,65.6,12625
2023-09-18,63.4,66.55,62.75,64.35,31554
2023-09-20,63,65.85,63,64,13798
2023-09-21,62.75,65,62.75,63.35,7402
2023-09-22,66.15,66.15,62.6,63.7,6700
2023-09-25,63.7,64.5,62.1,62.55,6772
2023-09-26,62.75,72,62.4,64.75,134608
2023-09-27,64.9,67.65,63.45,64.05,25308
2023-09-28,64.45,66.15,63.65,64.1,9261
2023-09-29,62.9,76.8,62.9,71.25,501415
2023-10-03,71,74.9,69.5,71.1,104100
2023-10-04,71,72.3,68.55,69,36389
2023-10-05,69.7,70.2,68,68.65,16478
2023-10-06,69.15,72.5,67.5,68.75,60602
2023-10-09,66.35,75.6,66.35,71.9,115350
2023-10-10,71,73.55,70,70.95,19003
2023-10-11,70.05,73.95,70.05,72.75,34905
2023-10-12,73.8,75.8,72.45,73.95,97382
2023-10-13,73.5,74.35,71,73.3,43349
2023-10-16,73.3,73.3,71.9,72.35,18708
2023-10-17,72.35,73.3,69.45,70.85,10770
2023-10-18,71.35,72.6,70.1,70.75,17733
2023-10-19,70.95,72.75,68.55,71.75,22807
2023-10-20,70.55,73.35,70.55,71.75,3207
2023-10-23,72.45,72.45,65,66.2,27556
2023-10-25,66.2,69.7,62,62.6,20025
2023-10-26,60.7,75.1,60.7,74.55,137454
2023-10-27,75,76.4,70.25,71.25,83286
2023-10-30,73.7,74.9,70.05,70.8,53599
2023-10-31,71.25,73.95,70.55,71,32281
2023-11-01,71.45,82.35,70.95,75.35,366009
2023-11-02,76,78.7,74.05,75.55,142429
2023-11-03,76.4,76.95,72.35,73.7,60274
2023-11-06,74.05,75.8,72,73,48040
2023-11-07,73.05,74.55,72.55,73.05,77229
2023-11-08,73.55,76,72.8,73.85,51629
2023-11-09,73.2,77,72.3,73.65,52867
2023-11-10,74.05,75.55,73.1,73.3,6072
2023-11-12,76.65,76.65,73.2,73.5,1669
2023-11-13,73.2,74.15,71.55,72.15,13767
2023-11-15,71,73.1,71,72.75,16478
2023-11-16,73.1,77.55,73,74.5,43049
2023-11-17,74.85,75.45,72.5,73.3,22342
2023-11-20,71.65,74.5,71.65,72.95,29375
2023-11-21,71.55,74.1,71.55,72.4,20336
2023-11-22,73.5,74.6,68.65,70.75,24481
2023-11-23,70.2,75.5,69.9,73.8,35266
2023-11-24,75,76,73.2,73.6,28380
2023-11-28,74,76.05,72.2,73.55,45163
2023-11-29,73.9,74.5,71,71.95,10554
2023-11-30,73.95,76.7,71.7,74.1,54148
2023-12-01,74.55,75,73.05,73.6,25059
2023-12-04,73.2,74.55,72.9,73,9588
2023-12-05,74,74,73.25,73.6,3359
2023-12-06,75.5,75.5,73.3,73.8,14752
2023-12-07,73.5,74.25,72.7,73.2,5970
2023-12-08,73.85,74.85,70.65,71.9,12019
2023-12-11,72.2,73.8,71.95,72.25,14847
2023-12-12,72.4,72.4,66,69.75,29238
2023-12-13,71.7,71.7,68.1,68.95,31199
2023-12-14,70,71.1,66,68.3,24173
2023-12-15,81.95,81.95,81.95,81.95,110462
2023-12-18,98.3,98.3,98.3,98.3,84955
2023-12-19,114,117.95,111.2,117.95,519427
2023-12-20,127,129.7,118.1,129.7,268139
2023-12-21,126.7,142.65,116.75,142.65,453012
2023-12-22,146,149.75,146,149.75,16314
2023-12-26,157.2,157.2,157.2,157.2,11056
2023-12-27,165.05,165.05,149.35,149.35,20891
2023-12-28,142.1,145,141.9,141.9,36272
2023-12-29,135.4,135.4,134.8,134.8,4430
2024-01-01,128.15,141.5,128.1,141.5,60063
2024-01-02,141.5,145,134.5,139.75,21671
2024-01-03,139.4,139.4,132.8,134.85,22787
2024-01-04,131.2,134.7,131.2,132.75,5533
2024-01-05,134.15,138.6,128.65,136.4,18533
2024-01-08,137.65,143.2,135.1,143.2,28109
2024-01-09,146.9,150,140,140.65,15246
2024-01-10,140,143.5,138,138.4,5874
2024-01-11,141.8,141.8,136.05,140.25,4252
2024-01-12,140.65,140.65,135.55,135.95,7791
2024-01-15,135.95,136.95,129.15,130.55,9069
2024-01-16,130.5,131.85,124.05,124.3,24566
2024-01-17,119.05,128,118.1,118.75,7427
2024-01-18,123.6,124.65,120,122.95,9650
2024-01-19,124.65,125.35,117.6,119.75,7429
2024-01-20,123.7,123.7,115.2,116.75,10644
2024-01-23,119.85,120,115.25,118.5,12146
2024-01-24,118.4,118.45,115.25,116.75,2059
2024-01-25,117,117,111.45,113.55,12581
2024-01-29,112.05,119.2,110.75,118.5,9517
2024-01-30,119.8,119.8,115.3,115.45,2479
2024-01-31,113.3,117.3,113.3,115,676
2024-02-01,111.5,115.65,111.5,113,1553
2024-02-02,113,113.9,110.2,112.65,3392
2024-02-05,114.95,114.95,109.05,109.15,5665
2024-02-06,111.4,111.4,106.15,108.75,1616
2024-02-07,106,109.5,105.5,107.55,11284
2024-02-08,107.9,112.9,107.9,112.9,3928
2024-02-09,118.5,118.5,110,116.45,6554
2024-02-12,118,122.25,116.2,122.25,14134
2024-02-13,123.85,127.9,116.4,124.5,7206
2024-02-14,122.05,129.6,120.05,128.8,4870
2024-02-15,135,135.2,125,129.75,4141
2024-02-16,127.15,127.15,127.15,127.15,407
2024-02-19,124.6,124.6,124.6,124.6,1055
2024-02-20,124,124,122.1,122.1,39
2024-02-21,122.1,122.1,122,122,1263
2024-02-22,120,120,119.6,119.6,167
2024-02-23,119.55,119.55,119,119,329
2024-02-26,118.95,118.95,117.95,117.95,104
2024-02-27,115.6,115.6,115.6,115.6,82
2024-02-28,113.3,113.3,113.3,113.3,10
2024-02-29,111.05,111.05,111.05,111.05,119
2024-03-01,108.85,108.85,108.85,108.85,74
2024-03-04,106.7,106.7,106.7,106.7,258
2024-03-05,104.6,104.95,104.6,104.95,243
2024-03-06,102.85,102.85,102.85,102.85,31
2024-03-07,100.8,101,100.8,100.8,5307
2024-03-11,98.8,98.8,98.8,98.8,2697
2024-03-12,98.8,98.8,96.85,97,2202
2024-03-13,95.1,95.1,95.1,95.1,5
2024-03-14,93.2,93.2,93.2,93.2,6277
2024-03-15,93.2,93.2,91.35,91.35,39
2024-03-18,89.65,91.35,89.65,91.35,1490
2024-03-19,91.35,91.35,91.35,91.35,398
2024-03-20,93.15,93.15,91.35,91.35,75
2024-03-21,93.15,93.15,93.15,93.15,450
2024-03-22,91.45,92.5,91.45,92.5,472
2024-03-26,92.6,97.1,92.6,97.1,8793
2024-03-27,97.1,101.85,92.25,92.25,5447
2024-03-28,95.95,95.95,87.65,90,1147
2024-04-01,90,94,86.1,90.4,2379
2024-04-02,90,93,90,93,1551
2024-04-03,96.9,96.9,91.3,93.2,3152
2024-04-04,94,94,92,93.5,749
2024-04-05,93.5,98.15,92,98.15,6113
2024-04-08,98.55,103,98.15,102,4446
2024-04-09,102,103,102,103,122
2024-04-10,100.95,100.95,100.95,100.95,158
2024-04-12,99,99,98.95,98.95,20
2024-04-15,97,97,97,97,329
2024-04-16,95.1,95.1,95.1,95.1,26
2024-04-18,95.1,95.1,95.1,95.1,1
2024-04-19,93.2,95.1,93.2,93.2,948
2024-04-22,93.2,93.2,93.2,93.2,8
2024-04-23,92,92,91.35,91.35,415
2024-04-24,89.55,91.35,89.55,90,1236
2024-04-25,90,90,90,90,96
2024-04-26,88.2,89,88.2,89,2109
2024-04-29,89,89,87.3,89,1303
2024-04-30,87.6,87.75,87.6,87.75,1444
2024-05-02,86.35,89.5,86.35,89.5,485
2024-05-03,91.25,91.25,91.25,91.25,300
2024-05-06,93.05,93.05,93,93.05,4411
2024-05-07,94.9,94.9,94.9,94.9,6237
2024-05-08,94.8,96.75,94.8,96.75,6142
2024-05-09,98.65,98.65,98.65,98.65,2464
2024-05-10,100,100.6,100,100,4472
2024-05-13,100,101.5,100,101.5,4714
2024-05-14,100,100,100,100,2284
2024-05-15,102,102,100,100,1551
2024-05-16,100,102,100,102,1058
2024-05-17,104,104,100,100.35,1226
2024-05-18,98.35,105.35,96.1,105.2,1588
2024-05-21,106.8,110,101.55,104,5019
2024-05-22,103.2,109.2,100.05,105,5972
2024-05-23,106.6,106.6,103.4,105,668
2024-05-24,105,105,101.05,103.55,744
2024-05-27,103.55,104.9,99.15,99.25,1645
2024-05-28,99.8,104.2,99.8,104.2,1374
2024-05-29,109.35,109.4,107,109.4,1985
2024-05-30,113.8,114.85,106,106.1,3371
2024-05-31,105,111.4,105,110.7,1569
2024-06-03,106.4,110,105.2,110,3516
2024-06-04,108,110,104.5,105,5870
2024-06-05,102.9,110.15,99.8,110.05,2431
2024-06-06,112.25,115.5,110,114.5,6366
2024-06-07,112.2,113.15,110,110.9,1682
2024-06-10,110.78,110.8,105.55,110.65,2121
2024-06-11,110,116.18,110,110,3762
2024-06-12,110.35,115,110.35,112,1888
2024-06-13,112,115,109.45,114.79,5858
2024-06-14,120,120,109.55,113,1114
2024-06-18,113,116,107.5,110,5034
2024-06-19,110,115.5,110,115.5,3757
2024-06-20,113.6,117.57,113.6,115,386
2024-06-21,117.3,119,115,115,5216
2024-06-24,119.01,126.5,119,126.5,5678
2024-06-25,139.15,139.15,135,139.06,181694
2024-06-26,135.25,140,125.15,130.79,79399
2024-06-27,132,137,125.01,134.95,66492
2024-06-28,133,135.85,127.21,134.33,15970
2024-07-01,131.8,134.1,128.17,132.58,15137
2024-07-02,132.58,134.8,130.92,132.62,9582
2024-07-03,132.64,132.64,127.09,128.47,23925
2024-07-04,128.2,132.34,128.2,130,17442
2024-07-05,128.31,132.79,121.51,131.38,15743
2024-07-08,123,131.99,123,130,8367
2024-07-09,131.05,131.78,128.71,130.13,14160
2024-07-10,131.8,131.8,129.38,130.7,6777
2024-07-11,128.75,133,128.01,132.52,11895
2024-07-12,131.05,131.88,128.01,130.86,7262
2024-07-15,130,135.89,129.58,134.49,7637
2024-07-16,137.99,142,133.3,139.96,60786
2024-07-18,143.8,143.8,125.96,128.91,22460
2024-07-19,125.1,130.78,125,129.1,21236
2024-07-22,127.71,137.99,125.51,132.97,7575
2024-07-23,131.23,133.46,129.6,130.74,9237
2024-07-24,129.95,137.65,129.95,130.54,15362
2024-07-25,129.65,134.99,129.65,131.6,25667
2024-07-26,130.9,134.88,130,130.16,24584
2024-07-29,130.6,133.59,130,130.12,1864
2024-07-30,132.97,133.59,130.12,131.39,2459
2024-07-31,133.75,133.75,126.62,129.81,23091
2024-08-01,135.8,135.8,127.82,131.06,11479
2024-08-02,135.95,135.95,129.25,130,3214
2024-08-05,128.05,130.3,117,119.36,14195
2024-08-06,113.05,131.29,113.05,131.29,73351
2024-08-07,144.41,144.41,129,130.67,106120
2024-08-08,133,135.99,130,130.06,36266
2024-08-09,133.35,133.35,128,128.9,43120
2024-08-12,128.4,135.35,126,130.05,23526
2024-08-13,130.05,131.19,124,126.35,12665
2024-08-14,128,131.98,121.21,130.19,11046
2024-08-16,134,134,129.06,130.66,10847
2024-08-19,121,132,121,130.05,21565
2024-08-20,130,130.79,126.15,127.8,12010
2024-08-21,132.99,132.99,126.65,127.71,8988
2024-08-22,127.35,132.69,127.35,130.05,4520
2024-08-23,129.49,132,129.01,130.08,1799
2024-08-26,129.96,131.68,129.14,130,2616
2024-08-27,130.96,136.49,130,134.26,12544
2024-08-28,139.95,143,126.61,127.14,16296
2024-08-29,129.96,130.69,127.92,130.02,3862
2024-08-30,132,132,130,130.09,4036
2024-09-02,130.07,131.99,130,130.52,4645
2024-09-03,134,134,128.55,130.42,1187
2024-09-04,129.96,131,129.96,130.01,835
2024-09-05,130.03,130.96,130,130.01,2442
2024-09-06,130.27,131,126.87,130.44,6899
2024-09-09,129.52,130.08,129.51,130.04,4304
2024-09-10,131,131,127.01,129.72,11784
2024-09-11,130.03,130.79,125.32,128.17,19765
2024-09-12,129.03,131,128.2,129.88,7778
2024-09-13,129.05,130,127.11,128.2,3191
2024-09-16,128.45,129.28,123.94,127.65,16203
2024-09-17,128,130.4,121.4,123.28,13254
2024-09-18,125,130.35,125,126.48,14691
2024-09-19,127.46,129.55,118.05,122,10634
2024-09-20,124.7,125.99,115.05,117.87,7805
2024-09-23,123.99,123.99,118.66,119.91,4802
2024-09-24,121.37,123.98,117,118.26,4913
2024-09-25,118.9,118.95,110.35,114.94,14554
2024-09-26,116.83,126.43,115.43,126.43,21458
2024-09-27,139.07,139.07,135,139.04,253690
2024-09-30,137,140,125.13,133.6,71726
2024-10-01,137,146.96,135,146.94,108835
2024-10-03,145,145.01,139.59,140.08,61299
2024-10-04,139,144,133.11,138.34,28994
2024-10-07,143.9,143.9,131.42,131.42,10070
2024-10-08,126.05,132.5,124.84,130.13,37364
2024-10-09,133,136.63,130.65,133.52,16904
2024-10-10,135.5,140.19,131.06,139.03,22986
2024-10-11,143,144,135,136.51,22017
2024-10-14,135.35,143.33,134.05,136.4,12919
2024-10-15,138.45,143.22,138.45,140.53,22825
2024-10-16,143.34,145.77,140.46,143.39,20586
2024-10-17,147.46,149.99,138.18,142.97,21519
2024-10-18,142.33,144.45,135.85,137.12,17269
2024-10-21,137.13,139.99,130.26,130.35,9685
2024-10-22,132.08,133.94,125,127.09,17710
2024-10-23,129.4,133,125.23,132.12,9037
2024-10-24,132.01,135.93,129.89,130.2,11678
2024-10-25,131.69,131.69,127,130.66,15741
2024-10-28,134.5,134.5,127.91,130.94,4470
2024-10-29,131.89,137.48,131.89,137.48,13414
2024-10-30,138.9,144.35,138.9,144.22,15085
2024-10-31,148.27,148.73,140,140.34,45894
2024-11-01,146.7,146.7,141.19,144.32,8984
2024-11-04,144,149.2,140.45,148.77,34543
2024-11-05,154,156.2,152.48,156.2,40502
2024-11-06,156.4,163.9,149,153.8,56520
2024-11-07,159.95,159.95,154.05,157.94,26419
2024-11-08,160,160,151.57,155.15,20967
2024-11-11,159,159,147.39,151.66,20565
2024-11-12,158.85,158.85,148,149.22,16763
2024-11-13,149.99,149.99,141.79,145.6,15573
2024-11-14,145.41,147.95,138.5,141.57,10198
2024-11-18,146.9,146.9,136.05,139.53,3123
2024-11-19,141.81,142.85,133.32,134.58,8417
2024-11-21,130.51,141.3,130.51,135.07,6086
2024-11-22,135.02,141.82,135.02,141.82,6351
2024-11-25,147.1,147.99,138,141.64,9762
2024-11-26,140.21,145.79,135.1,135.97,7267
2024-11-27,139.11,142.75,135.01,140.87,11648
2024-11-28,143.03,144.62,137.01,139.22,4620
2024-11-29,142,146.18,135.4,145.86,8823
2024-12-02,153.15,153.15,142.18,145.76,6685
2024-12-03,144.18,149.15,141.25,145.79,2424
2024-12-04,141.79,149.99,141.1,142.1,1495
2024-12-05,145.33,149.2,142.05,149,4481
2024-12-06,151.24,163.9,149.27,163.37,74384
2024-12-09,166.8,179.6,165,171.41,112547
2024-12-10,169.02,173.84,157.14,159.97,27596
2024-12-11,163.7,163.7,152.2,154.91,11857
2024-12-12,157.2,165,153.11,155.24,21149
2024-12-13,155,162.6,148.51,160.4,17733
2024-12-16,162.8,166.59,158.71,162.41,16220
2024-12-17,168.97,168.97,160,163.19,8340
2024-12-18,159.79,167.7,156.5,157.63,4740
2024-12-19,157.82,173.39,154,173.39,33681
2024-12-20,179.25,190.45,178.01,186.88,145364
2024-12-23,183.15,205.56,183.05,205.49,248874
2024-12-24,206.4,214.99,195.21,195.21,137246
2024-12-26,195,195,185.44,185.44,6579
2024-12-27,182.99,182.99,176.16,176.16,2555
2024-12-30,176,176,167.35,167.63,36283
2024-12-31,168,175.2,159.25,161.16,7005
2025-01-01,161.25,168.69,155.35,160.66,4752
2025-01-02,160.48,164.89,155,158.77,10799
2025-01-03,158.5,163.48,157.01,161.6,5886
2025-01-06,164.98,168,155,166.29,12147
2025-01-07,165.99,174,165.99,170.47,11868
2025-01-08,172.99,175,162.6,172.6,7846
2025-01-09,165.85,171.85,163.97,164.72,5343
2025-01-10,158.72,164.4,156.61,163.73,11070
2025-01-13,156.73,163.73,155.54,156.48,4827
2025-01-14,149.2,164.3,149.2,164.3,2885
2025-01-15,165.12,172.51,164.3,172.51,5939
2025-01-16,180.4,180.4,164.2,168.55,2652
2025-01-17,167.7,172.99,164,171.7,1453
2025-01-20,173.99,180.28,171.7,177.35,10082
2025-01-21,177.05,184.9,169.05,171.93,2438
2025-01-22,171.08,174.8,170,172.5,7989
2025-01-23,178.49,178.49,170,170.41,5231
2025-01-24,169,175,167.11,173.82,402
2025-01-27,170.4,175,165.12,170,13374
2025-01-28,162.25,174,162.25,164.16,3370
2025-01-29,170,170,167.37,167.42,1608
2025-01-30,167.42,173,167.42,170.78,2205
2025-01-31,169.99,179.31,169.99,179.29,20692
2025-02-01,187,187,172,184,2127
2025-02-03,184,190.99,174.8,176.2,2613
2025-02-04,180,184,173,183.39,2601
2025-02-05,182.94,182.94,175.62,176.96,555
2025-02-06,178.6,182.75,171.96,175.02,1473
2025-02-07,177.81,177.81,172,177.65,316
2025-02-10,179.5,179.5,168.76,169.06,948
2025-02-11,168,168.76,162,166.77,1922
2025-02-12,168.76,169,162,168.47,1554
2025-02-13,176.8,176.87,170,174.01,46764
2025-02-14,182.39,182.39,165.3,170.54,2767
2025-02-17,174.99,174.99,162.05,169.99,627
2025-02-18,162,166.6,161.49,162.13,3816
2025-02-19,169,169,155.01,162.49,198
2025-02-20,164.99,164.99,160,163.99,137
2025-02-21,164.9,171.99,161.15,162,391
2025-02-24,169.99,169.99,155,156.1,2002
2025-02-25,160,163.89,156.1,160,1918
2025-02-27,160,167.89,160,165,3440
2025-02-28,165,169.9,165,166.97,6254
2025-03-03,173,173,165,165,4799
2025-03-04,165,172,165,169.95,2639
2025-03-05,177,178.44,165,177.38,4335
2025-03-06,183.88,183.88,170,170.04,1651
2025-03-07,165,178.1,165,177.79,918
2025-03-10,172,179.99,168.9,169.98,9156
2025-03-11,170,177.99,170,176.98,1304
2025-03-12,170,176.79,170,171.37,900
2025-03-13,170.5,175,170.5,175,223
2025-03-17,182,182,170,170.7,1946
2025-03-18,178.99,178.99,170,173,12754
2025-03-19,178.1,178.84,173,173,2533
2025-03-20,173,177,173,173,493
2025-03-21,167.82,179.99,167.82,173.51,948
2025-03-24,166,178,166,174,51848
2025-03-25,166.51,174.4,165.55,171.64,1106
2025-03-26,170.1,170.1,165.05,166.88,2763
2025-03-27,164,165,158.53,159.89,702
2025-03-28,166.9,166.9,162,162,687
2025-04-01,168.98,169.99,154.4,168.13,927
2025-04-02,173,176.53,172.9,176.53,4543
2025-04-03,184.56,185.35,181,182.52,11584
2025-04-04,189.51,191.6,175,185.95,2502
2025-04-07,180,204.54,170.01,186.82,63536
2025-04-08,203.18,203.18,186.1,189.2,9011
2025-04-09,199.99,199.99,181.02,191,3486
2025-04-11,183,201,183,187.21,4801
2025-04-15,196.98,197,180.1,181.57,8296
2025-04-16,183,187.39,176.2,180.34,5298
2025-04-17,179,183.99,178,181.01,2140
2025-04-21,183.98,183.98,174,175.41,4622
2025-04-22,180.97,180.97,170.1,171.4,7318
2025-04-23,175.4,180.85,172.26,179.06,8408
2025-04-24,177.12,183.75,165.3,170.63,10489
2025-04-25,166,175.94,162.3,171.26,11194
2025-04-28,172.11,172.11,160.11,161.6,10067
2025-04-29,160.8,175,157.6,172.04,9113
2025-04-30,172.04,176.98,166.06,175.16,11655
2025-05-02,179.2,179.99,175.35,177.96,2810
2025-05-05,179,182.19,173,173.19,3118
2025-05-06,175.99,182,167.47,175.89,8481
2025-05-07,171.61,182,170.4,176.1,4649
2025-05-08,175.72,175.72,169.5,172.53,2193
2025-05-09,172.53,178.49,166.01,172.31,6288
2025-05-12,166,177.41,166,175.06,1909
2025-05-13,177.7,181.92,171.4,175.13,7129
2025-05-14,175.21,179,174.9,178.87,2084
2025-05-15,178.43,179.58,171.5,173.95,3842
2025-05-16,177.99,177.99,167.02,168.59,17631
2025-05-19,177,177,169.28,175.48,9423
2025-05-20,174.68,175,170.3,172.63,615
2025-05-21,171.71,173.87,162,167.21,5376
2025-05-22,171.17,174.5,167.65,173.73,5149
2025-05-23,171.44,173.18,167.75,169.19,9882
2025-05-26,172.41,172.41,162.15,165.16,16006
2025-05-27,168.65,168.65,155.06,161.34,21129
2025-05-28,163.86,166,159,161.77,1999
2025-05-29,158.2,162.89,158.2,162.3,483
2025-05-30,160.78,175,157.52,171.37,32744
2025-06-02,171,171,164.11,165.74,2834
2025-06-03,163,166.18,158.75,164.18,6948
2025-06-04,162.44,164.64,160.82,161.8,4586
2025-06-05,162.99,167.58,161.73,166.59,2782
2025-06-06,172.1,174.27,163.05,164.66,5523
2025-06-09,167.79,184.8,164.7,171.72,22739
2025-06-10,172.07,174.4,165.1,166.59,5361
2025-06-11,173.98,188,165.52,173.75,52643
2025-06-12,183.21,183.21,168.5,171.39,8391
2025-06-13,171.55,171.55,166.21,167.01,2429
2025-06-16,178.99,178.99,167.92,169.39,5014
2025-06-17,173.99,173.99,165.04,166.59,795
2025-06-18,172.82,172.82,161.28,164.44,4604
2025-06-19,165.1,169.97,161.5,163.13,1785
2025-06-20,163.13,173.75,160.15,172.87,17947
2025-06-23,172.87,188,166.64,184.45,41907
2025-06-24,191,206,180.04,183.65,71667
2025-06-25,186.35,190,177,180.61,10759
2025-06-26,185.9,186.48,175.5,177.98,8658
2025-06-27,185,185,172.2,173.44,7623
2025-06-30,182.5,182.5,171.95,174.21,4180
2025-07-01,178.25,178.25,168,169.67,4246
2025-07-02,172.55,176.39,167.99,174.88,5156
2025-07-03,178,178.01,171.21,176.24,3495
2025-07-04,178,178,168,170.5,5040
2025-07-07,167.01,170.78,165.1,166.72,2660
2025-07-08,166.72,200,166.72,188,118238
2025-07-09,186.51,189.99,181.61,184.51,23947
2025-07-10,183.08,184.62,174.01,177.47,10323
2025-07-11,177.47,183.71,176,179.39,20146
2025-07-14,171.4,184.86,171.4,177.17,13163
2025-07-15,175.05,180.5,174.99,176.79,4974
2025-07-16,175.01,179.94,173.15,174.94,4470
2025-07-17,175,176.98,172.2,173.62,4601
2025-07-18,174,185,172.02,181.48,9930
2025-07-21,188.48,204.7,186,192.94,123633
2025-07-22,192.99,196,186.42,190.62,16864
2025-07-23,192.99,192.99,187,187.95,4045
2025-07-24,194.5,195.28,187,193.3,10930
2025-07-25,193.3,227.7,192,220.88,273741
2025-07-28,223,265.05,222,241.12,473969
2025-07-29,243.5,289.34,240,285.93,787227
2025-07-30,283.99,302.7,257.33,257.33,329392
2025-07-31,254.96,264.66,235.3,251.09,77533
2025-08-01,259.85,263.65,239,263.65,23055
2025-08-04,264,276.8,264,276.8,27938
2025-08-05,290.15,290.6,284,290.6,35520
2025-08-06,305.1,305.1,290,301.65,19773
2025-08-07,306.45,315,298,301.7,14818
2025-08-08,315,315,290,297.95,16959
2025-08-11,300,300,292,292,7298
2025-08-12,286.2,286.2,286.2,286.2,1709
2025-08-13,280.5,291.9,280.5,291.9,6802
2025-08-14,290,290,286.1,286.1,922
2025-08-18,280.4,280.4,280.4,280.4,105
2025-08-19,274.8,274.8,274.8,274.8,255
2025-08-20,269.3,269.3,269.3,269.3,2755
2025-08-21,269.3,273,269.3,270,9011
2025-08-22,272,275.4,272,274.05,3178
2025-08-25,275,275,274,274,1286
2025-08-26,275,276,275,276,2302
2025-08-28,276,276,276,276,4271
2025-08-29,276,276,276,276,3001
2025-09-01,276,276,276,276,2400
2025-09-02,276,276,275,275,52
2025-09-03,272,272,269.5,269.5,374
